#node	identifier	domain_summary_url	annotation	other_names_and_aliases
ACHE	9606.ENSP00000303211	Acetylcholinesterase; Terminates signal transduction at the neuromuscular junction by rapid hydrolysis of the acetylcholine released into the synaptic cleft. Role in neuronal apoptosis. Belongs to the type-B carboxylesterase/lipase family.	https://smart.embl.de/smart/DDvec.cgi?smart=617:SIGNAL(1|33)+Pfam_Abhydrolase_3(146|245)+	1B41,1F8U,1PUV,1PUW,1VZJ,2CLJ,2X8B,3.1.1.7,3LII,43,4BDT,4EY4,4EY5,4EY6,4EY7,4EY8,4M0E,4M0F,4PQE,5FOQ,5FPQ,5HF5,5HF6,5HF8,5HF9,5HFA,6CQT,6CQU,6CQV,6CQW,6CQX,6CQY,6CQZ,6F25,6NEA,6O4W,6O4X,6O50,6O52,6O5R,6O5S,6O5V,6O66,6O69,A0A498U6H7,A4D2E2,AAA68151.1,AAC60618.1,AAH36813.1,AAI05061.1,AAI05063.1,AAI43470.1,AAK21003.1,AAO32948.1,AAP22364.1,AAP22365.1,AAU43801.1,AC011895,ACEE,ACES_HUMAN,ACHE,ACHE-201,ACHE-202,ACHE-203,ACHE-204,ACHE-205,ACHE-206,ACHE-207,ACHE-208,ACHE-209,ACHE-210,ACHE-211,ACHE-212,ACHE-213,ACHE-214,AChE,AF312032,AF334270,AK223443,AK291321,ARACHE,AY750146,Acetylcholinesterase,Acetylcholinesterase (Cartwright blood group),B7ZKZ0,BAD97163.1,BAF84010.1,BC036813,BC105060,BC105062,BC143469,C9J2S3,C9JD78,C9JZL6,CCDS5709,CCDS5709.1,CCDS5710,CCDS5710.1,CCDS64736,CCDS64736.1,CH236956,CH471091,CHEMBL220,D6W5X7,EAL23812.1,EAL23813.1,EAW76461.1,EAW76462.1,EAW76463.1,EC 3.1.1.7,ENSG00000087085,ENSP00000241069,ENSP00000303211,ENSP00000312849,ENSP00000350037,ENSP00000390004,ENSP00000391953,ENSP00000394976,ENSP00000396360,ENSP00000397143,ENSP00000399725,ENSP00000400933,ENSP00000403474,ENSP00000404865,ENSP00000410380,ENSP00000414858,ENSP00000415901,ENSP00000416333,ENST00000241069,ENST00000241069.10,ENST00000302913,ENST00000302913.8,ENST00000322377,ENST00000357451,ENST00000411582,ENST00000411582.2,ENST00000412389,ENST00000412389.5,ENST00000419336,ENST00000419336.6,ENST00000422451,ENST00000426415,ENST00000426415.5,ENST00000428317,ENST00000428317.6,ENST00000430554,ENST00000430554.1,ENST00000440755,ENST00000440755.5,ENST00000441605,ENST00000441605.2,ENST00000442452,ENST00000442452.1,ENST00000445236,ENST00000445236.2,ENST00000447483,ENST00000454485,ENST00000454485.5,ENST00000619863,ENST00000651875,F8WAR7,F8WD34,F8WD68,HGNC:108,HPA019704,HPA027098,KF510962,M55040,N-ACHE,NM_000665,NM_000665.4,NM_000665.5,NM_001282449,NM_001282449.1,NM_001282449.2,NM_001302621,NM_001302621.1,NM_001302621.3,NM_001302622,NM_001302622.1,NM_001302622.2,NM_001367915,NM_001367915.1,NM_001367917,NM_001367917.1,NM_001367918,NM_001367918.1,NM_001367919,NM_001367919.2,NM_015831,NM_015831.2,NP_000656,NP_000656.1,NP_001269378,NP_001269378.1,NP_001289550,NP_001289550.1,NP_001289551,NP_001289551.1,NP_001354844,NP_001354844.1,NP_001354846,NP_001354846.1,NP_001354847,NP_001354847.1,NP_001354848,NP_001354848.1,NP_056646.1,NR_160408,NR_160408.2,NX_P22303,OMIM:100740,OTTHUMG00000157033,P22303,Q16169,Q29S23,Q2M324,Q504V3,Q53F46,Q86TM9,Q86YX9,Q9BXP7,R-HSA-112311,R-HSA-112315,R-HSA-112316,R-HSA-1430728,R-HSA-1483191,R-HSA-1483206,R-HSA-1483257,R-HSA-2980736,R-HSA-392499,R-HSA-422085,R-HSA-556833,S09.979,S71129,UPI000000D791,UPI0000125216,UPI0000140DF0,UPI000048D23E,UPI000048D240,UPI000198CE69,UPI000198CE7E,UPI0003F47D5D,UPI0003F48229,UPI0003F482F2,XM_006715995.2,XM_011516228.2,XM_011516229.2,XP_006716058.1,XP_011514530.1,XP_011514531.1,YT,Yt blood group,acetylcholinesterase,acetylcholinesterase (YT blood group),acetylcholinesterase (Yt blood group),hsa:43,uc003uxd.4,uc003uxi.4
ADAM10	9606.ENSP00000260408	Disintegrin and metalloproteinase domain-containing protein 10; Cleaves the membrane-bound precursor of TNF-alpha at '76- Ala-|-Val-77' to its mature soluble form. Responsible for the proteolytical release of soluble JAM3 from endothelial cells surface. Responsible for the proteolytic release of several other cell-surface proteins, including heparin-binding epidermal growth-like factor, ephrin-A2, CD44, CDH2 and for constitutive and regulated alpha-secretase cleavage of amyloid precursor protein (APP). Contributes to the normal cleavage of the cellular prion protein. Involved in the cl [...] 	https://smart.embl.de/smart/DDvec.cgi?smart=748:SIGNAL(1|18)+Pfam_Pep_M12B_propep(28|156)+Pfam_Reprolysin_4(219|450)+DISIN(466|550)+TRANS(674|696)+	102,1M1I,3.4.24.81,6BDZ,6BE6,A0A024R5U5,A0A087WYG1,AAC51766.1,AC018904,AC091046,AD10,AD18,ADA10_HUMAN,ADAM 10,ADAM metallopeptidase domain 10,ADAM10,ADAM10-201,ADAM10-202,ADAM10-203,ADAM10-204,ADAM10-205,ADAM10-206,ADAM10-207,ADAM10-208,ADAM10-209,ADAM10-210,ADAM10-211,ADAM10-212,ADAM10-213,ADAM10-214,ADAM10-215,ADAM10-216,ADAM10-217,AF009615,AK300472,B4DU28,B5MC71,BAG62190.1,C9J9B4,CAA88463.1,CAB001709,CCDS10167,CCDS10167.1,CD156C,CD156c,CDw156,CH471082,CHEMBL5028,EAW77540.1,EAW77541.1,EC 3.4.24.81,ENSG00000137845,ENSP00000260406,ENSP00000260408,ENSP00000317605,ENSP00000379440,ENSP00000379444,ENSP00000386056,ENSP00000391930,ENSP00000391994,ENSP00000452639,ENSP00000452704,ENSP00000453952,ENSP00000456542,ENSP00000481779,ENST00000260406,ENST00000260408,ENST00000260408.7,ENST00000322526,ENST00000396136,ENST00000396136.6,ENST00000396140,ENST00000402627,ENST00000402627.5,ENST00000439637,ENST00000439637.5,ENST00000443434,ENST00000461408,ENST00000461408.2,ENST00000462061,ENST00000462061.1,ENST00000470269,ENST00000470269.5,ENST00000475898,ENST00000475898.1,ENST00000481164,ENST00000481164.1,ENST00000482945,ENST00000482945.5,ENST00000497846,ENST00000497846.5,ENST00000558004,ENST00000558004.1,ENST00000558733,ENST00000558733.5,ENST00000559053,ENST00000559053.1,ENST00000560608,ENST00000560608.5,ENST00000561149,ENST00000561149.1,ENST00000561288,ENST00000561288.1,H0YK32,H0YK87,H0YNC5,H3BS53,HGNC:188,HPA050670,HsT18717,KUZ,Kuzbanian protein homolog,M12.210,MADM,Mammalian disintegrin-metalloprotease,NM_001110,NM_001110.3,NM_001110.4,NM_001320570,NM_001320570.2,NP_001101,NP_001101.1,NP_001307499,NP_001307499.1,NX_O14672,O14672,OMIM:602192,OTTHUMG00000132633,Q10742,Q92650,R-HSA-1266738,R-HSA-1442490,R-HSA-1474228,R-HSA-1474244,R-HSA-157118,R-HSA-162582,R-HSA-1643685,R-HSA-168249,R-HSA-168256,R-HSA-177929,R-HSA-1980143,R-HSA-1980145,R-HSA-2122948,R-HSA-2644602,R-HSA-2644603,R-HSA-2644606,R-HSA-2660825,R-HSA-2660826,R-HSA-2682334,R-HSA-2691230,R-HSA-2691232,R-HSA-2894858,R-HSA-2894862,R-HSA-2979096,R-HSA-381426,R-HSA-392499,R-HSA-3928665,R-HSA-422475,R-HSA-5663202,R-HSA-597592,R-HSA-6798695,R-HSA-8957275,R-HSA-9006934,R-HSA-9012852,R-HSA-9013507,R-HSA-9013694,R-HSA-9013700,R-HSA-977225,RAK,UPI00001254C8,UPI0000E01FD2,UPI0000E59C4A,UPI0000E59C4B,UPI0001611368,UPI00022F8773,UPI00022F8774,UPI000333508B,URS00008C118C,URS00008C2A30,URS00008C2EF2,URS0000D6E0F4,URS0000D6E32F,URS0000D6E789,URS0000D6EA30,URS0000D6EB94,XM_024449818,XM_024449818.1,XP_024305586,XP_024305586.1,Z48579,a disintegrin and metalloproteinase domain 10,hsa:102,kuz,uc002afd.3
APH1A	9606.ENSP00000358105	Gamma-secretase subunit APH-1A; Non-catalytic subunit of the gamma-secretase complex, an endoprotease complex that catalyzes the intramembrane cleavage of integral membrane proteins such as Notch receptors and APP (amyloid- beta precursor protein). Required for normal gamma-secretase assembly. The gamma-secretase complex plays a role in Notch and Wnt signaling cascades and regulation of downstream processes via its role in processing key regulatory proteins, and by regulating cytosolic CTNNB1 levels (Probable). Belongs to the APH-1 family.	https://smart.embl.de/smart/DDvec.cgi?smart=265:Pfam_Aph-1(2|239)+	51107,5A63,5FN2,5FN3,5FN4,5FN5,6530402N02Rik,6IDF,6IYC,AAD34072.1,AAH01230.1,AAH08732.1,AAH09501.1,AAH15568.1,AAH17699.1,AAH20590.1,AAM61955.1,AAM61956.1,AAN63816.1,AAQ89310.1,AC242988,AF151835,AF508787,AK027879,AK075295,AK298832,AL138795,APH-1,APH-1A,APH-1a,APH1A,APH1A gamma secretase subunit,APH1A-201,APH1A-202,APH1A-203,APH1A-204,APH1A-205,APH1A-206,APH1A-207,APH1A-208,APH1A-209,APH1A_HUMAN,AY113698,AY113699,AY358951,Aph-1 homolog A, gamma-secretase subunit,Aph-1alpha,B4DQK0,BAC11529.1,BAG51389.1,BAG60962.1,BC001230,BC008732,BC009501,BC015568,BC017699,BC020590,CAB037272,CAI22811.1,CAI22812.1,CAI22813.1,CCDS41390,CCDS41390.1,CCDS41391,CCDS41391.1,CCDS58025,CCDS58025.1,CGI-78,CH471121,CHEMBL2094135,EAW53565.1,EAW53566.1,EAW53567.1,ENSG00000117362,ENSP00000236017,ENSP00000316243,ENSP00000353380,ENSP00000358103,ENSP00000358105,ENSP00000389532,ENSP00000397473,ENSP00000402606,ENST00000236017,ENST00000236017.5,ENST00000316257,ENST00000360244,ENST00000360244.8,ENST00000369107,ENST00000369109,ENST00000369109.7,ENST00000414276,ENST00000414276.6,ENST00000433443,ENST00000452164,ENST00000461320,ENST00000461320.5,ENST00000476538,ENST00000476538.1,ENST00000486308,ENST00000486308.1,ENST00000486720,ENST00000486720.1,ENST00000493092,ENST00000493092.1,Gamma-secretase subunit APH-1,Gamma-secretase subunit APH-1A,HGNC:29509,NM_001077628,NM_001077628.2,NM_001077628.3,NM_001243771,NM_001243771.1,NM_001243772,NM_001243772.1,NM_016022,NM_016022.3,NP_001071096,NP_001071096.1,NP_001230700,NP_001230700.1,NP_001230701,NP_001230701.1,NP_057106,NP_057106.2,NR_045033,NR_045033.1,NR_045034,NR_045034.1,NR_045035,NR_045035.1,NX_Q96BI3,OMIM:607629,OTTHUMG00000012545,PSF,Presenilin-stabilization factor,Q5TB21,Q5TB22,Q5TB23,Q969R6,Q96BI3,Q9BVG0,Q9Y386,R-HSA-1236394,R-HSA-1251985,R-HSA-1266738,R-HSA-157118,R-HSA-162582,R-HSA-1643685,R-HSA-193692,R-HSA-193704,R-HSA-1980143,R-HSA-1980145,R-HSA-204998,R-HSA-205043,R-HSA-2122948,R-HSA-2644602,R-HSA-2644603,R-HSA-2644606,R-HSA-2682334,R-HSA-2894858,R-HSA-2894862,R-HSA-2979096,R-HSA-392499,R-HSA-3928665,R-HSA-422475,R-HSA-5663202,R-HSA-73887,R-HSA-9006934,R-HSA-9012852,R-HSA-9013507,R-HSA-9013694,R-HSA-9013700,R-HSA-9017802,R-HSA-977225,UNQ579/PRO1141,UPI0000048EEC,UPI0000073CA3,UPI0000470B54,UPI00017A775B,URS00008BF498,URS00008C2172,URS0000D39064,URS0000EB84C8,XM_017001417,XM_017001417.2,XM_024447455,XM_024447455.1,XP_016856906,XP_016856906.1,XP_024303223,XP_024303223.1,aph-1 homolog A, gamma-secretase subunit,hsa:51107,uc001ety.3,uc001etz.3
APH1B	9606.ENSP00000261879	Gamma-secretase subunit APH-1B; Probable subunit of the gamma-secretase complex, an endoprotease complex that catalyzes the intramembrane cleavage of integral proteins such as Notch receptors and APP (amyloid-beta precursor protein). It probably represents a stabilizing cofactor for the presenilin homodimer that promotes the formation of a stable complex. Probably present in a minority of gamma-secretase complexes compared to APH1A; Belongs to the APH-1 family.	https://smart.embl.de/smart/DDvec.cgi?smart=257:Pfam_Aph-1(2|238)+	83464,A8K589,AAH20905.1,AAN63817.1,AAQ89061.1,AB189172,AB197122,AC016207,AF508794,AK291204,AL136671,APH-1B,APH-1b,APH1B,APH1B gamma secretase subunit,APH1B-201,APH1B-202,APH1B-203,APH1B-204,APH1B-205,APH1B-206,APH1B-207,APH1B-208,APH1B-209,APH1B-210,APH1B_HUMAN,AY358698,Aph-1 homolog B, gamma-secretase subunit,Aph-1beta,BAD95573.1,BAE02660.1,BAF83893.1,BC020905,CAB66606.1,CCDS10184,CCDS10184.1,CCDS45276,CCDS45276.1,CH471082,CHEMBL2094135,DKFZp564D0372,EAW77645.1,ENSG00000138613,ENSP00000261879,ENSP00000369697,ENSP00000369700,ENSP00000453002,ENSP00000453327,ENSP00000453516,ENST00000261879,ENST00000261879.9,ENST00000380340,ENST00000380340.8,ENST00000380343,ENST00000380343.8,ENST00000558631,ENST00000558631.1,ENST00000559744,ENST00000559744.1,ENST00000559823,ENST00000559823.1,ENST00000559971,ENST00000559971.5,ENST00000560353,ENST00000560353.1,ENST00000560716,ENST00000560716.1,ENST00000560890,ENST00000560890.5,Gamma-secretase subunit APH-1,Gamma-secretase subunit APH-1B,H0YKZ9,H0YLT0,H0YM95,HGNC:24080,NM_001145646,NM_001145646.1,NM_031301,NM_031301.3,NM_031301.4,NP_001139118,NP_001139118.1,NP_112591,NP_112591.2,NX_Q8WW43,OMIM:607630,OTTHUMG00000132863,PRO1328,PSFL,Presenilin-stabilization factor-like,Q4R1J8,Q564N3,Q6UWQ1,Q8WW43,Q9H0S0,R-HSA-1236394,R-HSA-1251985,R-HSA-1266738,R-HSA-157118,R-HSA-162582,R-HSA-1643685,R-HSA-193692,R-HSA-193704,R-HSA-1980143,R-HSA-1980145,R-HSA-204998,R-HSA-205043,R-HSA-2122948,R-HSA-2644602,R-HSA-2644603,R-HSA-2644606,R-HSA-2682334,R-HSA-2894858,R-HSA-2894862,R-HSA-2979096,R-HSA-392499,R-HSA-3928665,R-HSA-422475,R-HSA-5663202,R-HSA-73887,R-HSA-9006934,R-HSA-9012852,R-HSA-9013507,R-HSA-9013694,R-HSA-9013700,R-HSA-9017802,R-HSA-977225,TAAV688,UNQ688/PRO1328,UPI000004222D,UPI00005056C0,UPI000053E916,UPI00022F860A,UPI00022F860B,UPI0003F47C4C,URS00008B99ED,XM_011522105,XM_011522105.3,XM_024450085,XM_024450085.1,XM_024450086,XM_024450086.1,XP_011520407,XP_011520407.1,XP_024305853,XP_024305853.1,XP_024305854,XP_024305854.1,aph-1 homolog B, gamma-secretase subunit,hsa:83464,uc002ama.4
APOC4	9606.ENSP00000468236	Apolipoprotein C-IV; May participate in lipoprotein metabolism.	https://smart.embl.de/smart/DDvec.cgi?smart=127:SIGNAL(1|22)+Pfam_APOC4(31|124)+	346,AAA91653.1,AAH20723.1,AAQ91812.1,AC011481,AK126257,APO-CIV,APOC-IV,APOC4,APOC4-201,APOC4-202,APOC4_HUMAN,AY422953,Apo-CIV,ApoC-IV,Apolipoprotein C-IV,Apolipoprotein C4,B3KWY6,BAG54298.1,BC020723,CCDS12649,CCDS12649.1,CH471126,EAW57310.1,ENSG00000267467,ENSP00000406381,ENSP00000466444,ENSP00000468236,ENST00000419266,ENST00000591600,ENST00000591600.1,ENST00000592954,ENST00000592954.1,HGNC:611,HPA062671,K7EMC3,NM_001646,NM_001646.2,NM_001646.3,NP_001637,NP_001637.1,NX_P55056,OMIM:600745,OTTHUMG00000180845,P55056,Q53YY8,R-HSA-162582,R-HSA-174824,R-HSA-382551,R-HSA-8866423,R-HSA-8963898,R-HSA-8964043,R-HSA-8964046,R-HSA-9006931,R-HSA-9024446,R-HSA-9029569,U32576,UPI0000125C2A,UPI0002840C15,URS0000E9214A,apolipoprotein C-IV,apolipoprotein C4,hsa:346,uc060zuq.1
APOE	9606.ENSP00000252486	Apolipoprotein E; APOE is an apolipoprotein, a protein associating with lipid particles, that mainly functions in lipoprotein-mediated lipid transport between organs via the plasma and interstitial fluids. APOE is a core component of plasma lipoproteins and is involved in their production, conversion and clearance. Apoliproteins are amphipathic molecules that interact both with lipids of the lipoprotein particle core and the aqueous environment of the plasma. As such, APOE associates with chylomicrons, chylomicron remnants, very low density lipoproteins (VLDL) and intermediate density  [...] 	https://smart.embl.de/smart/DDvec.cgi?smart=317:SIGNAL(1|18)+Pfam_Apolipoprotein(81|292)+	1B68,1BZ4,1EA8,1GS9,1H7I,1LE2,1LE4,1LPE,1NFN,1NFO,1OEF,1OEG,1OR2,1OR3,2KC3,2KNY,2L7B,348,6NCN,6NCO,A0A0S2Z3D5,AAB59397.1,AAB59518.1,AAB59546.1,AAD02505.1,AAG27089.1,AAH03557.1,AB035149,AC011481,ACN81314.1,AD2,AF050154,AF261279,AK314898,ALQ33368.1,APO-E,APOE,APOE-201,APOE-202,APOE-203,APOE-204,APOE-205,APOE_HUMAN,Apo-E,ApoE4,Apolipoprotein E,B2RC15,BAA96080.1,BAG37412.1,BC003557,C0JYY5,CAB008363,CAB069921,CCDS12647,CCDS12647.1,E7ERP7,E9PEV4,ENSG00000130203,ENSP00000252486,ENSP00000410423,ENSP00000413135,ENSP00000413653,ENST00000252486,ENST00000252486.8,ENST00000425718,ENST00000425718.1,ENST00000434152,ENST00000434152.5,ENST00000446996,ENST00000446996.5,ENST00000485628,ENST00000485628.2,FJ525876,H0Y7L5,HGNC:613,HPA065539,HPA068768,K00396,KU177910,LDLCQ5,LPG,M10065,M12529,NM_000041,NM_000041.3,NM_000041.4,NM_001302688,NM_001302688.1,NM_001302688.2,NM_001302689,NM_001302689.1,NM_001302689.2,NM_001302690,NM_001302690.1,NM_001302691,NM_001302691.1,NM_001302691.2,NP_000032,NP_000032.1,NP_001289617,NP_001289617.1,NP_001289618,NP_001289618.1,NP_001289619,NP_001289619.1,NP_001289620,NP_001289620.1,NX_P02649,OMIM:107741,OTTHUMG00000128901,P02649,Q9P2S4,R-HSA-1236394,R-HSA-1251985,R-HSA-1430728,R-HSA-162582,R-HSA-174824,R-HSA-196854,R-HSA-212436,R-HSA-2173782,R-HSA-2187338,R-HSA-3000480,R-HSA-372790,R-HSA-381426,R-HSA-382551,R-HSA-388396,R-HSA-392499,R-HSA-418594,R-HSA-5653656,R-HSA-597592,R-HSA-6806667,R-HSA-73857,R-HSA-74160,R-HSA-8864260,R-HSA-8957275,R-HSA-8963888,R-HSA-8963898,R-HSA-8963899,R-HSA-8963901,R-HSA-8964026,R-HSA-8964043,R-HSA-8964058,R-HSA-9006931,R-HSA-9006934,R-HSA-9024446,R-HSA-9029569,R-HSA-975634,UPI0000044948,UPI000161118E,UPI0001611190,UPI0002840C0E,URS0000EA566C,apolipoprotein E,hsa:348,uc002pab.4
APP	9606.ENSP00000284981	Gamma-secretase C-terminal fragment 50; Functions as a cell surface receptor and performs physiological functions on the surface of neurons relevant to neurite growth, neuronal adhesion and axonogenesis. Interaction between APP molecules on neighboring cells promotes synaptogenesis. Involved in cell mobility and transcription regulation through protein-protein interactions. Can promote transcription activation through binding to APBB1-KAT5 and inhibits Notch signaling through interaction with Numb. Couples to apoptosis- inducing pathways such as those mediated by G(O) and JIP. Inhibits [...] 	https://smart.embl.de/smart/DDvec.cgi?smart=770:SIGNAL(1|17)+A4_EXTRA(24|188)+KU(289|342)+Pfam_APP_E2(366|548)+Pfam_Beta-APP(675|713)+Pfam_APP_amyloid(716|766)+	1AAP,1AMB,1AMC,1AML,1BA4,1BA6,1BJB,1BJC,1BRC,1CA0,1HZ3,1IYT,1MWP,1OWT,1QCM,1QWP,1QXC,1QYT,1TAW,1TKN,1UO7,1UO8,1UOA,1UOI,1X11,1Z0Q,1ZE7,1ZE9,1ZJD,2BEG,2BOM,2BP4,2FJZ,2FK1,2FK2,2FK3,2FKL,2FMA,2G47,2IPU,2LFM,2LLM,2LMN,2LMO,2LMP,2LMQ,2LNQ,2LOH,2LP1,2LZ3,2LZ4,2M4J,2M9R,2M9S,2MGT,2MJ1,2MPZ,2MVX,2MXU,2NAO,2OTK,2R0W,2WK3,2Y29,2Y2A,2Y3J,2Y3K,2Y3L,351,3AYU,3BAE,3BKJ,3DXC,3DXD,3DXE,3GCI,3IFL,3IFN,3IFO,3IFP,3JQ5,3JQL,3JTI,3KTM,3L33,3L81,3MOQ,3MXC,3MXY,3NYJ,3NYL,3OVJ,3OW9,3PZZ,3Q2X,3SV1,3U0T,3UMH,3UMI,3UMK,4HIX,4JFN,4M1C,4MDR,4MVI,4MVK,4MVL,4NGE,4OJF,4ONF,4ONG,4PQD,4PWQ,4XXD,5AEF,5AM8,5AMB,5BUO,5C67,5CSZ,5HOW,5HOX,5HOY,5KK3,5LFY,5LV0,5MY4,5MYO,5MYX,5ONP,5ONQ,5OQV,5TXD,5VOS,5VZY,5W3P,6CO3,6GFI,6IYC,6NB9,6O4J,6OC9,6RHY,6SHS,A0A0A0MRG2,A0A140VJC8,A4,A4_HUMAN,AAA,AAA35540.1,AAA51564.1,AAA51722.1,AAA51726.1,AAA51727.1,AAA51768.1,AAA58727.1,AAA60163.1,AAB23646.1,AAB26263.2,AAB26264.2,AAB26265.2,AAB59501.1,AAB59502.1,AAC13654.1,AAC60601.2,AAH04369.1,AAH65529.1,AAQ14327.1,AAW82435.1,AB066441,ABETA,ABPP,AD1,AEE60915.1,AF282245,AICD-50,AICD-57,AICD-59,AID(50),AID(57),AID(59),AK295621,AK312326,AP001439,AP001440,AP001441,AP001442,AP001443,APP,APP-201,APP-202,APP-203,APP-204,APP-205,APP-206,APP-207,APP-208,APP-209,APP-210,APP-211,APP-212,APP-213,APP-214,APP-215,APP-216,APP-217,APPI,AY919674,Abeta40,Abeta42,Alpha-CTF,Alpha-secretase C-terminal fragment,Alzheimer disease,Alzheimer disease amyloid protein,Amyloid beta A4 protein,Amyloid beta precursor protein,Amyloid intracellular domain 50,Amyloid intracellular domain 57,Amyloid intracellular domain 59,Amyloid precursor protein,Amyloid-beta A4 protein,Amyloid-beta precursor protein,Amyloid-beta protein 40,Amyloid-beta protein 42,B2R5V1,B4DII8,BAA22264.1,BAB71958.2,BAG35248.1,BAG58500.1,BC004369,BC065529,Beta-APP40,Beta-APP42,Beta-CTF,Beta-secretase C-terminal fragment,C31,C80,C83,C99,CAA30041.1,CAA30042.1,CAA30050.1,CAA31830.1,CAA68374.1,CAB000157,CCDS13576,CCDS13576.1,CCDS13577,CCDS13577.1,CCDS33523,CCDS33523.1,CCDS46638,CCDS46638.1,CCDS46639,CCDS46639.1,CCDS56211,CCDS56211.1,CCDS56212,CCDS56212.1,CCDS56213,CCDS56213.1,CH471079,CHEMBL2487,CTFgamma,CVAP,Cerebral vascular amyloid peptide,D3DSD1,D3DSD2,D3DSD3,D87675,E9PG40,EAX09958.1,EAX09959.1,EAX09960.1,EAX09961.1,EAX09963.1,EAX09965.1,ENSG00000142192,ENSP00000284981,ENSP00000341686,ENSP00000345353,ENSP00000345463,ENSP00000345561,ENSP00000345999,ENSP00000346129,ENSP00000347366,ENSP00000350578,ENSP00000351796,ENSP00000352760,ENSP00000387483,ENSP00000388538,ENSP00000396923,ENSP00000397795,ENSP00000398879,ENSP00000406539,ENSP00000413101,ENST00000284981,ENST00000342864,ENST00000343355,ENST00000346798,ENST00000346798.7,ENST00000348990,ENST00000348990.9,ENST00000352374,ENST00000353407,ENST00000354192,ENST00000354192.7,ENST00000355226,ENST00000357903,ENST00000357903.7,ENST00000358918,ENST00000358918.7,ENST00000359726,ENST00000359726.7,ENST00000415997,ENST00000415997.1,ENST00000439274,ENST00000439274.6,ENST00000440126,ENST00000440126.7,ENST00000448388,ENST00000448850,ENST00000448850.5,ENST00000452232,ENST00000456209,ENST00000462267,ENST00000462267.1,ENST00000463070,ENST00000463070.1,ENST00000464867,ENST00000464867.1,ENST00000466453,ENST00000466453.1,ENST00000474136,ENST00000474136.5,ENST00000491395,ENST00000491395.5,ENST00000548570,ENST00000548570.1,Gamma-CTF(50),Gamma-CTF(57),Gamma-CTF(59),Gamma-secretase C-terminal fragment 50,Gamma-secretase C-terminal fragment 57,Gamma-secretase C-terminal fragment 59,H7C0V9,H7C2L2,HGNC:620,HM005315,HPA001462,I02.015,KF457122,KF457123,KF457130,KF510514,M15532,M15533,M16765,M18734,M24546,M24547,M28373,M29269,M29270,M33112,M34862,M34863,M34864,M34865,M34866,M34867,M34868,M34869,M34870,M34871,M34872,M34873,M34874,M34875,M34876,M34877,M34878,M34879,M35675,M37895,M37896,N-APP,NM_000484,NM_000484.3,NM_000484.4,NM_001136016,NM_001136016.3,NM_001136129,NM_001136129.2,NM_001136129.3,NM_001136130,NM_001136130.2,NM_001136130.3,NM_001136131,NM_001136131.2,NM_001204301,NM_001204301.1,NM_001204301.2,NM_001204302,NM_001204302.1,NM_001204302.2,NM_001204303,NM_001204303.1,NM_001204303.2,NM_201413,NM_201413.2,NM_201413.3,NM_201414,NM_201414.2,NM_201414.3,NP_000475,NP_000475.1,NP_001129488,NP_001129488.1,NP_001129601,NP_001129601.1,NP_001129602,NP_001129602.1,NP_001129603,NP_001129603.1,NP_001191230,NP_001191230.1,NP_001191231,NP_001191231.1,NP_001191232,NP_001191232.1,NP_958816,NP_958816.1,NP_958817,NP_958817.1,NX_P05067,OMIM:104760,OTTHUMG00000078438,P05067,P09000,P3(40),P3(42),P78438,PN-II,PN2,PreA4,Protease nexin-II,Q13764,Q13778,Q13793,Q16011,Q16014,Q16019,Q16020,Q6GSC0,Q8WZ99,Q9BT38,Q9UC33,Q9UCA9,Q9UCB6,Q9UCC8,Q9UCD1,Q9UQ58,R-HSA-109582,R-HSA-114608,R-HSA-1280215,R-HSA-1474244,R-HSA-162582,R-HSA-1643685,R-HSA-166016,R-HSA-166058,R-HSA-166166,R-HSA-168138,R-HSA-168142,R-HSA-168164,R-HSA-168176,R-HSA-168179,R-HSA-168181,R-HSA-168188,R-HSA-168249,R-HSA-168256,R-HSA-168643,R-HSA-168898,R-HSA-168928,R-HSA-181438,R-HSA-199991,R-HSA-199992,R-HSA-3000178,R-HSA-372790,R-HSA-373076,R-HSA-375276,R-HSA-381426,R-HSA-388396,R-HSA-392499,R-HSA-416476,R-HSA-418594,R-HSA-432720,R-HSA-444473,R-HSA-445989,R-HSA-446652,R-HSA-449147,R-HSA-500792,R-HSA-5653656,R-HSA-597592,R-HSA-622312,R-HSA-76002,R-HSA-76005,R-HSA-844456,R-HSA-879415,R-HSA-8862803,R-HSA-8863678,R-HSA-8957275,R-HSA-9020702,R-HSA-933542,R-HSA-937061,R-HSA-9609507,R-HSA-9609523,R-HSA-975138,R-HSA-975155,R-HSA-975871,R-HSA-977225,S-APP-alpha,S-APP-beta,S45136,S60317,S60721,S61380,S61383,Soluble APP-alpha,Soluble APP-beta,UPI000002A2F2,UPI000002A2F6,UPI000002A2F7,UPI000002DB1C,UPI00001BE539,UPI0000E5A38A,UPI0000E5A38B,UPI00017A7091,UPI000182464C,UPI000182464D,URS00008C0F88,URS00008C1456,URS0000D6D6F3,URS0000D6EA99,X06981,X06982,X06989,X13466,X13467,X13468,X13469,X13470,X13471,X13472,X13473,X13474,X13475,X13476,X13477,X13478,X13479,X13487,X13488,XM_024452075,XM_024452075.1,XP_024307843,XP_024307843.1,Y00264,amyloid beta (A4) precursor protein,amyloid beta precursor protein,hsa:351,peptidase nexin-II,preA4,uc002ylz.4
BACE1	9606.ENSP00000318585	Beta-secretase 1; Responsible for the proteolytic processing of the amyloid precursor protein (APP). Cleaves at the N-terminus of the A-beta peptide sequence, between residues 671 and 672 of APP, leads to the generation and extracellular release of beta-cleaved soluble APP, and a corresponding cell-associated C-terminal fragment which is later released by gamma-secretase. Cleaves CHL1 (By similarity).	https://smart.embl.de/smart/DDvec.cgi?smart=501:SIGNAL(1|21)+Pfam_TAXi_C(259|417)+TRANS(455|477)+	1FKN,1M4H,1PY1,1SGZ,1TQF,1UJJ,1UJK,1W50,1W51,1XN2,1XN3,1XS7,1YM2,1YM4,23621,2B8L,2B8V,2F3E,2F3F,2FDP,2G94,2HIZ,2HM1,2IQG,2IRZ,2IS0,2NTR,2OAH,2OF0,2OHK,2OHL,2OHM,2OHN,2OHP,2OHQ,2OHR,2OHS,2OHT,2OHU,2P4J,2P83,2P8H,2PH6,2PH8,2Q11,2Q15,2QK5,2QMD,2QMF,2QMG,2QP8,2QU2,2QU3,2QZK,2QZL,2VA5,2VA6,2VA7,2VIE,2VIJ,2VIY,2VIZ,2VJ6,2VJ7,2VJ9,2VKM,2VNM,2VNN,2WEZ,2WF0,2WF1,2WF2,2WF3,2WF4,2WJO,2XFI,2XFJ,2XFK,2ZDZ,2ZE1,2ZHR,2ZHS,2ZHT,2ZHU,2ZHV,2ZJH,2ZJI,2ZJJ,2ZJK,2ZJL,2ZJM,2ZJN,3.4.23.46,3BRA,3BUF,3BUG,3BUH,3CIB,3CIC,3CID,3CKP,3CKR,3DM6,3DUY,3DV1,3DV5,3EXO,3FKT,3H0B,3HVG,3HW1,3I25,3IGB,3IN3,3IN4,3IND,3INE,3INF,3INH,3IVH,3IVI,3IXJ,3IXK,3K5C,3K5D,3K5F,3K5G,3KMX,3KMY,3KN0,3KYR,3L38,3L3A,3L58,3L59,3L5B,3L5C,3L5D,3L5E,3L5F,3LHG,3LNK,3LPI,3LPJ,3LPK,3MSJ,3MSK,3MSL,3N4L,3NSH,3OHF,3OHH,3OOZ,3PI5,3QBH,3QI1,3R1G,3R2F,3RSV,3RSX,3RTH,3RTM,3RTN,3RU1,3RVI,3S2O,3S7L,3S7M,3SKF,3SKG,3TPJ,3TPL,3TPP,3TPR,3U6A,3UDH,3UDJ,3UDK,3UDM,3UDN,3UDP,3UDQ,3UDR,3UDY,3UFL,3UQP,3UQR,3UQU,3UQW,3UQX,3VEU,3VF3,3VG1,3VV6,3VV7,3VV8,3WB4,3WB5,3ZMG,3ZOV,4ACU,4ACX,4AZY,4B00,4B05,4B0Q,4B1C,4B1D,4B1E,4B70,4B72,4B77,4B78,4BEK,4BFD,4D83,4D85,4D88,4D89,4D8C,4DH6,4DI2,4DJU,4DJV,4DJW,4DJX,4DJY,4DPF,4DPI,4DUS,4DV9,4DVF,4EWO,4EXG,4FCO,4FGX,4FM7,4FM8,4FRI,4FRJ,4FRK,4FRS,4FS4,4FSE,4FSL,4GID,4GMI,4H1E,4H3F,4H3G,4H3I,4H3J,4HA5,4HZT,4I0D,4I0E,4I0F,4I0G,4I0H,4I0I,4I0J,4I0Z,4I10,4I11,4I12,4I1C,4IVS,4IVT,4J0P,4J0T,4J0V,4J0Y,4J0Z,4J17,4J1C,4J1E,4J1F,4J1H,4J1I,4J1K,4JOO,4JP9,4JPC,4JPE,4K8S,4K9H,4KE0,4KE1,4L7G,4L7H,4L7J,4LC7,4LXA,4LXK,4LXM,4N00,4PZW,4PZX,4R5N,4R8Y,4R91,4R92,4R93,4R95,4RCD,4RCE,4RCF,4RRN,4RRO,4RRS,4TRW,4TRY,4TRZ,4WTU,4WY1,4WY6,4X2L,4X7I,4XKX,4XXS,4YBI,4ZPE,4ZPF,4ZPG,4ZSM,4ZSP,4ZSQ,4ZSR,5CLM,5DQC,5ENK,5ENM,5EZX,5EZZ,5F00,5F01,5HD0,5HDU,5HDV,5HDX,5HDZ,5HE4,5HE5,5HE7,5HTZ,5HU0,5HU1,5I3V,5I3W,5I3X,5I3Y,5IE1,5KQF,5KR8,5MBW,5MCO,5MCQ,5MXD,5T1U,5T1W,5TOL,5UYU,5V0N,5YGX,5YGY,6BFD,6BFE,6BFW,6BFX,6C2I,6DHC,6DMI,6E3Z,6EJ2,6EJ3,6EQM,6FGY,6JSE,6JSF,6JSG,6JSN,6JT3,6NV7,6NV9,6NW3,6OD6,6PZ4,A01.004,A0A024R3D5,A0A024R3D7,A0A024R3E8,A0A024R3F9,A0M8W7,AAF04142.1,AAF13715.1,AAF17079.1,AAF18982.1,AAF26367.1,AAH65492.1,AAK38374.1,AAK38375.1,AAY16982.1,AB032975,AB050436,AB050437,AB050438,ACA05927.1,AF190725,AF200193,AF200343,AF201468,AF204943,AF338816,AF338817,AK296015,AK296535,AP000892,ASP2,Asp 2,Aspartyl protease 2,B0YIU9,B7Z3K2,B7Z3Z4,BAA86463.2,BAB40931.1,BAB40932.1,BAB40933.1,BACE,BACE1,BACE1-201,BACE1-202,BACE1-203,BACE1-204,BACE1-205,BACE1-206,BACE1-207,BACE1-208,BACE1-209,BACE1-210,BACE1-211,BACE1-212,BACE1_HUMAN,BAH12238.1,BAH12380.1,BC065492,Beta-secretase 1,Beta-site APP cleaving enzyme 1,Beta-site APP-cleaving enzyme 1 (memapsin 2),CAB016358,CCDS44739,CCDS44739.1,CCDS44740,CCDS44740.1,CCDS44741,CCDS44741.1,CCDS55786,CCDS55786.1,CCDS55787,CCDS55787.1,CCDS8383,CCDS8383.1,CH471065,CHEMBL4822,DQ007053,E9PE65,E9PJG7,EAW67308.1,EAW67309.1,EAW67310.1,EAW67311.1,EAW67312.1,EAW67313.1,EAW67315.1,EAW67316.1,EAW67317.1,EC 3.4.23.46,EF444940,ENSG00000186318,ENSP00000292095,ENSP00000318585,ENSP00000321119,ENSP00000376667,ENSP00000402228,ENSP00000403685,ENSP00000422461,ENSP00000424536,ENSP00000425934,ENSP00000431848,ENSP00000434486,ENSP00000437151,ENSP00000475171,ENSP00000475405,ENST00000292095,ENST00000313005,ENST00000313005.10,ENST00000313034,ENST00000392937,ENST00000392937.10,ENST00000428381,ENST00000428381.6,ENST00000445823,ENST00000445823.6,ENST00000504995,ENST00000504995.5,ENST00000509916,ENST00000509916.5,ENST00000510630,ENST00000510630.5,ENST00000510915,ENST00000510915.5,ENST00000513780,ENST00000513780.5,ENST00000514464,ENST00000514464.1,ENST00000528053,ENST00000528053.5,ENST00000530824,ENST00000530824.1,ENST00000530844,H0YDX0,H7BXJ9,HGNC:933,HSPC104,KC877486,KIAA1149,Memapsin-2,Membrane-associated aspartic protease 2,NM_001207048,NM_001207048.2,NM_001207049,NM_001207049.1,NM_001207049.2,NM_012104,NM_012104.4,NM_138971,NM_138971.3,NM_138972,NM_138972.3,NM_138973,NM_138973.3,NP_001193977,NP_001193977.1,NP_001193978,NP_001193978.1,NP_036236,NP_036236.1,NP_620427,NP_620427.1,NP_620428,NP_620428.1,NP_620429,NP_620429.1,NX_P56817,OMIM:604252,OTTHUMG00000160636,P56817,Q9BYB9,Q9BYC0,Q9BYC1,Q9UJT5,Q9ULS1,R-HSA-392499,R-HSA-977225,U3KPS1,UPI000002A4AC,UPI000002A4AD,UPI000002A4AE,UPI0000048186,UPI0000EE3A21,UPI0001914CBB,UPI00038BAFE3,UPI00038BB010,UPI0004620DCA,URS0000D14A29,beta-secretase 1,beta-site APP-cleaving enzyme,beta-site APP-cleaving enzyme 1,hsa:23621,uc001pqw.4,uc001pqz.4
BACE2	9606.ENSP00000332979	Beta-secretase 2; Responsible for the proteolytic processing of the amyloid precursor protein (APP). Cleaves APP, between residues 690 and 691, leading to the generation and extracellular release of beta-cleaved soluble APP, and a corresponding cell-associated C-terminal fragment which is later released by gamma-secretase. It has also been shown that it can cleave APP between residues 671 and 672. Responsible also for the proteolytic processing of CLTRN in pancreatic beta cells. Belongs to the peptidase A1 family.	https://smart.embl.de/smart/DDvec.cgi?smart=518:SIGNAL(1|20)+Pfam_TAXi_C(273|430)+TRANS(470|492)+	25825,2EWY,3.4.23.45,3ZKG,3ZKI,3ZKM,3ZKN,3ZKQ,3ZKS,3ZKX,3ZL7,3ZLQ,4BEL,4BFB,6JSZ,A01.041,A8K7P1,AAD45240.1,AAD45963.1,AAF13714.1,AAF17078.1,AAF26368.1,AAF29494.1,AAF35835.1,AAF35836.1,AAG41783.1,AAH14453.1,AAQ89286.1,AAX14808.1,AEPLC,AF050171,AF117892,AF178532,AF188276,AF188277,AF200192,AF200342,AF204944,AF212252,AK075539,AK292056,AL163284,AL163285,ALP56,ASP1,ASP21,AY358927,AY769996,Asp 1,Aspartic-like protease 56 kDa,Aspartyl protease 1,BAC11682.1,BACE2,BACE2-201,BACE2-202,BACE2-203,BACE2-204,BACE2-205,BACE2-206,BACE2-207,BACE2-208,BACE2-209,BACE2-210,BACE2_HUMAN,BAE2,BAF84745.1,BC014453,Beta-secretase 2,Beta-site APP cleaving enzyme 2,Beta-site APP-cleaving enzyme 2 (memapsin 1),CAB90458.1,CAB90554.1,CCDS13668,CCDS13668.1,CCDS13669,CCDS13669.1,CCDS13670,CCDS13670.1,CDA13,CEAP1,CH471079,CHEMBL2525,DRAP,Down region aspartic protease,EAX09611.1,EAX09613.1,EC 3.4.23.45,ENSG00000182240,ENSP00000327528,ENSP00000332979,ENSP00000333854,ENSP00000347593,ENSP00000439391,ENST00000328735,ENST00000328735.10,ENST00000330333,ENST00000330333.10,ENST00000332721,ENST00000347667,ENST00000347667.5,ENST00000355424,ENST00000463674,ENST00000463674.5,ENST00000465326,ENST00000465326.5,ENST00000466122,ENST00000466122.5,ENST00000470864,ENST00000470864.5,ENST00000475618,ENST00000475618.1,ENST00000487994,ENST00000487994.5,ENST00000491838,ENST00000491838.5,ENST00000544566,HGNC:934,HPA035416,Memapsin-1,Membrane-associated aspartic protease 1,NM_012105,NM_012105.4,NM_012105.5,NM_138991,NM_138991.2,NM_138991.3,NM_138992,NM_138992.2,NM_138992.3,NP_036237,NP_036237.2,NP_620476,NP_620476.1,NP_620477,NP_620477.1,NX_Q9Y5Z0,OMIM:605668,OTTHUMG00000086742,Q5DIH8,Q8N2D4,Q9H2V8,Q9NZL1,Q9NZL2,Q9UJT6,Q9Y5Z0,Theta-secretase,UNQ418/PRO852,UPI00000396BC,UPI0000073962,UPI00001612A9,XM_017028314,XM_017028314.1,XP_016883803,XP_016883803.1,beta-secretase 2,beta-site APP-cleaving enzyme 2,hsa:25825,memapsin 1,uc002yyw.5
BCHE	9606.ENSP00000264381	Cholinesterase; Esterase with broad substrate specificity. Contributes to the inactivation of the neurotransmitter acetylcholine. Can degrade neurotoxic organophosphate esters; Belongs to the type-B carboxylesterase/lipase family.	https://smart.embl.de/smart/DDvec.cgi?smart=602:SIGNAL(1|28)+Pfam_Abhydrolase_3(138|263)+Pfam_AChE_tetra(565|601)+	1EHO,1EHQ,1KCJ,1P0I,1P0M,1P0P,1P0Q,1XLU,1XLV,1XLW,2J4C,2PM8,2WID,2WIF,2WIG,2WIJ,2WIK,2WIL,2WSL,2XMB,2XMC,2XMD,2XMG,2XQF,2XQG,2XQI,2XQJ,2XQK,2Y1K,3.1.1.8,3DJY,3DKK,3O9M,4AQD,4AXB,4B0O,4B0P,4BBZ,4BDS,4TPK,4XII,590,5DYT,5DYW,5DYY,5K5E,5LKR,5NN0,6EMI,6EP4,6EQP,6EQQ,6ESJ,6ESY,6EUL,6EYF,6EZ2,6F7Q,6I0B,6I0C,6I2T,6QAA,6QAB,6QAC,6QAD,6QAE,A8K7P8,AAA52015.1,AAA98113.1,AAA99296.1,AAH18141.1,AC009811,AK292063,Acylcholine acylhydrolase,BAF84752.1,BC018141,BCHE,BCHE-201,BCHE-202,BCHE-203,BCHE-204,BCHE-205,BCHED,Butyrylcholine esterase,Butyrylcholinesterase,CCDS3198,CCDS3198.1,CHE1,CHE2,CHEMBL1914,CHLE_HUMAN,Choline esterase II,Cholinesterase,E1,EC 3.1.1.8,ENSG00000114200,ENSP00000264381,ENSP00000324951,ENSP00000418325,ENSP00000418504,ENSP00000419505,ENSP00000419804,ENSP00000443583,ENST00000264381,ENST00000264381.7,ENST00000324944,ENST00000479451,ENST00000479451.5,ENST00000482958,ENST00000482958.1,ENST00000488954,ENST00000488954.1,ENST00000497011,ENST00000497011.5,ENST00000540653,F8WEX7,F8WF14,H0Y885,H7C4Y0,HGNC:983,HPA001560,M16474,M16541,M32389,M32390,M32391,NM_000055,NM_000055.3,NM_000055.4,NP_000046,NP_000046.1,NR_137635,NR_137635.2,NR_137636,NR_137636.2,NX_P06276,OMIM:177400,OTTHUMG00000158131,P06276,Pseudocholinesterase,R-HSA-112311,R-HSA-112315,R-HSA-112316,R-HSA-1430728,R-HSA-1483191,R-HSA-1483206,R-HSA-1483257,R-HSA-2980736,R-HSA-392499,R-HSA-422085,R-HSA-556833,S09.980,UPI0000127866,UPI0000374770,UPI0001B7973F,UPI0001B79740,UPI0001B79741,URS0000E95A18,URS0000E960FA,butyrylcholinesterase,cholinesterase (serum) 2,cholinesterase 1,hsa:590,uc003fem.5
CDK5	9606.ENSP00000419782	Cyclin-dependent-like kinase 5; Proline-directed serine/threonine-protein kinase essential for neuronal cell cycle arrest and differentiation and may be involved in apoptotic cell death in neuronal diseases by triggering abortive cell cycle re-entry. Interacts with D1 and D3-type G1 cyclins. Phosphorylates SRC, NOS3, VIM/vimentin, p35/CDK5R1, MEF2A, SIPA1L1, SH3GLB1, PXN, PAK1, MCAM/MUC18, SEPT5, SYN1, DNM1, AMPH, SYNJ1, CDK16, RAC1, RHOA, CDC42, TONEBP/NFAT5, MAPT/TAU, MAP1B, histone H1, p53/TP53, HDAC1, APEX1, PTK2/FAK1, huntingtin/HTT, ATM, MAP2, NEFH and NEFM. Regulates several neu [...] 	https://smart.embl.de/smart/DDvec.cgi?smart=292:S_TKc(4|286)+	1020,1H4L,1LFR,1UNG,1UNH,1UNL,2.7.11.1,2.7.11.22,3O0G,4AU8,A0A090N7W4,A0A0S2Z355,A1XKG3,AACC02000108,AAH05115.1,AAL15435.1,AAP35326.1,ABD66016.1,AC010973,ADO22451.1,ALQ33426.1,ALQ33427.1,AY049778,BC005115,BT006680,CAA47007.1,CAB008909,CCDS47748,CCDS47748.1,CCDS55184,CCDS55184.1,CDK5,CDK5-201,CDK5-202,CDK5-203,CDK5-204,CDK5-205,CDK5_HUMAN,CDKN5,CH471173,CHEMBL4036,Cell division protein kinase 5,Cyclin dependent kinase 5,Cyclin-dependent kinase 5,Cyclin-dependent-like kinase 5,DQ411039,EAL24498.1,EAW54049.1,EC 2.7.11.22,ENSG00000164885,ENSP00000297518,ENSP00000318471,ENSP00000389968,ENSP00000419782,ENSP00000481070,ENST00000297518,ENST00000297518.4,ENST00000324644,ENST00000453907,ENST00000469108,ENST00000469108.1,ENST00000476691,ENST00000476691.1,ENST00000485972,ENST00000485972.5,ENST00000487703,ENST00000487703.5,ENST00000618146,GQ900934,HGNC:1774,HPA064535,KU177968,KU177969,LIS7,NM_001164410,NM_001164410.2,NM_001164410.3,NM_004935,NM_004935.3,NM_004935.4,NP_001157882,NP_001157882.1,NP_004926,NP_004926.1,NX_Q00535,OMIM:123831,OTTHUMG00000158414,PSSALRE,Q00535,R-HSA-109582,R-HSA-111885,R-HSA-1266738,R-HSA-162582,R-HSA-1643685,R-HSA-166520,R-HSA-180024,R-HSA-212436,R-HSA-3700989,R-HSA-372790,R-HSA-373755,R-HSA-388396,R-HSA-399956,R-HSA-418594,R-HSA-422475,R-HSA-5633007,R-HSA-6804756,R-HSA-73857,R-HSA-74160,R-HSA-8862803,R-HSA-8863678,R-HSA-9006115,R-HSA-9006934,R-HSA-9032845,R-HSA-983231,Serine/threonine-protein kinase PSSALRE,TPKII catalytic subunit,Tau protein kinase II catalytic subunit,UPI0000113588,UPI0000ECE480,URS0000D6EC7E,X66364,cyclin dependent kinase 5,hsa:1020,uc003wir.3
CDK5R1	9606.ENSP00000318486	Cyclin-dependent kinase 5 activator 1, p25; p35 is a neuron specific activator of CDK5. The complex p35/CDK5 is required for neurite outgrowth and cortical lamination. Involved in dendritic spine morphogenesis by mediating the EFNA1-EPHA4 signaling. Activator of TPKII. The complex p35/CDK5 participates in the regulation of the circadian clock by modulating the function of CLOCK protein: phosphorylates CLOCK at 'Thr-451' and 'Thr-461' and regulates the transcriptional activity of the CLOCK-ARNTL/BMAL1 heterodimer in association with altered stability and subcellular distribution.	https://smart.embl.de/smart/DDvec.cgi?smart=307:Pfam_CDK5_activator(106|295)+	1H4L,1UNG,1UNH,1UNL,3O0G,8851,AAH20580.1,AAQ74776.1,AAV38380.1,AY376350,BC020580,BT019573,CAA56587.1,CCDS11273,CCDS11273.1,CD5R1_HUMAN,CDK5 activator 1,CDK5P35,CDK5R,CDK5R1,CDK5R1-201,CDK5R1-202,CDK5R1-203,CH471147,CHEMBL2783,Cyclin dependent kinase 5 regulatory subunit 1,Cyclin-dependent kinase 5 activator 1,Cyclin-dependent kinase 5 activator 1, p25,Cyclin-dependent kinase 5 activator 1, p35,Cyclin-dependent kinase 5 regulatory subunit 1,E1P664,EAW80227.1,EAW80228.1,ENSG00000176749,ENSP00000318486,ENSP00000463654,ENSP00000464129,ENST00000313401,ENST00000313401.3,ENST00000584716,ENST00000584716.1,ENST00000584792,ENST00000584792.5,HGNC:1775,HPA000252,J3QRB5,NCK5A,NM_003885,NM_003885.2,NM_003885.3,NP_003876,NP_003876.1,NX_Q15078,Nck5a,OMIM:603460,OTTHUMG00000132814,Q15078,Q5U0G3,R-HSA-1266738,R-HSA-162582,R-HSA-1643685,R-HSA-166520,R-HSA-212436,R-HSA-3700989,R-HSA-373755,R-HSA-399956,R-HSA-422475,R-HSA-5633007,R-HSA-6804756,R-HSA-73857,R-HSA-74160,R-HSA-8862803,R-HSA-8863678,R-HSA-9006115,R-HSA-9006934,R-HSA-9032845,TPKII regulatory subunit,Tau protein kinase II 23 kDa subunit,UPI000012738E,UPI000268B0DB,X80343,XM_011525438,XM_011525438.2,XM_017025281,XM_017025281.1,XM_017025281.2,XP_011523740,XP_011523740.1,XP_016880770,XP_016880770.1,cyclin dependent kinase 5 regulatory subunit 1,hsa:8851,p23,p25,p35,p35nck5a,uc002hhn.4
GSAP	9606.ENSP00000257626	Gamma-secretase-activating protein 16 kDa C-terminal form; Regulator of gamma-secretase activity, which specifically activates the production of amyloid-beta protein (amyloid-beta protein 40 and amyloid-beta protein 42), without affecting the cleavage of other gamma-secretase targets such has Notch. The gamma-secretase complex is an endoprotease complex that catalyzes the intramembrane cleavage of integral membrane proteins such as Notch receptors and APP (amyloid-beta precursor protein). Specifically promotes the gamma- cleavage of APP CTF-alpha (also named APP-CTF) by the gamma-secre [...] 	https://smart.embl.de/smart/DDvec.cgi?smart=854:Pfam_GSAP-16(642|749)+	54103,A4D1B5,A4D1B6,AAI01500.2,AAI43550.1,AC004921,AC073635,AL079277,AL079297,AL834358,B7ZL33,BC101499,BC143549,C9JRG7,CAB45152.1,CAB45193.1,CAD39023.2,CCDS34672,CCDS34672.2,CH236949,CH471091,CHEMBL3638343,EAL24199.1,EAL24200.1,EAW77039.1,ENSG00000186088,ENSP00000257626,ENSP00000334169,ENSP00000396230,ENSP00000396919,ENSP00000398667,ENSP00000400093,ENSP00000402452,ENSP00000402748,ENSP00000411093,ENSP00000415402,ENST00000257626,ENST00000257626.11,ENST00000334003,ENST00000334003.11,ENST00000415112,ENST00000415112.2,ENST00000426477,ENST00000426477.1,ENST00000430584,ENST00000430584.1,ENST00000434084,ENST00000434084.1,ENST00000440473,ENST00000440473.5,ENST00000441833,ENST00000441833.6,ENST00000449779,ENST00000449779.5,ENST00000455630,ENST00000474686,ENST00000474686.5,ENST00000482866,ENST00000482866.5,ENST00000489920,ENST00000489920.1,ENST00000491796,ENST00000491796.5,GSAP,GSAP-16K,GSAP-201,GSAP-202,GSAP-203,GSAP-204,GSAP-205,GSAP-206,GSAP-207,GSAP-208,GSAP-209,GSAP-210,GSAP-211,GSAP-212,GSAP-213,GSAP_HUMAN,Gamma-secretase activating protein,Gamma-secretase-activating protein,H7C0Q7,HGNC:28042,HPA023994,LOC54103,NM_001350896,NM_001350896.2,NM_001350897,NM_001350897.2,NM_001350898,NM_001350898.2,NM_001350899,NM_001350899.2,NM_001350900,NM_001350900.2,NM_001350901,NM_001350901.2,NM_017439,NM_017439.3,NM_017439.4,NP_001337825,NP_001337825.1,NP_001337826,NP_001337826.1,NP_001337827,NP_001337827.1,NP_001337828,NP_001337828.1,NP_001337829,NP_001337829.1,NP_001337830,NP_001337830.1,NP_059135,NP_059135.2,NR_146937,NR_146937.2,NR_146938,NR_146938.2,NX_A4D1B5,OMIM:613552,OTTHUMG00000150504,PION,Protein pigeon homolog,Q3MJC0,Q8ND73,Q9UMH3,Q9Y4L9,UPI000015FEE3,UPI000189A7B9,UPI000198CECB,UPI0001F7875D,URS00008BE3C2,URS00008C09FB,URS00008C3836,URS0000D6E842,XM_011516325,XM_011516325.2,XM_011516327,XM_011516327.2,XM_011516330,XM_011516330.2,XM_011516331,XM_011516331.3,XM_011516332,XM_011516332.3,XM_017012343,XM_017012343.1,XM_017012346,XM_017012346.1,XM_017012348,XM_017012348.1,XM_017012350,XM_017012350.2,XM_017012351,XM_017012351.2,XM_024446801,XM_024446801.1,XP_011514627,XP_011514627.1,XP_011514629,XP_011514629.1,XP_011514632,XP_011514632.1,XP_016867832,XP_016867832.1,XP_016867835,XP_016867835.1,XP_016867837,XP_016867837.1,XP_016867839,XP_016867839.1,XP_016867840,XP_016867840.1,XP_024302569,XP_024302569.1,XR_001744811,XR_001744811.1,XR_001744812,XR_001744812.1,XR_001744814,XR_001744814.1,XR_001744815,XR_001744815.1,XR_001744816,XR_001744816.1,XR_001744817,XR_001744817.1,XR_927479,XR_927479.3,gamma-secretase activating protein,hsa:54103,pigeon homolog (Drosophila),uc003ugf.3
GSK3B	9606.ENSP00000324806	Glycogen synthase kinase-3 beta; Constitutively active protein kinase that acts as a negative regulator in the hormonal control of glucose homeostasis, Wnt signaling and regulation of transcription factors and microtubules, by phosphorylating and inactivating glycogen synthase (GYS1 or GYS2), EIF2B, CTNNB1/beta-catenin, APC, AXIN1, DPYSL2/CRMP2, JUN, NFATC1/NFATC, MAPT/TAU and MACF1. Requires primed phosphorylation of the majority of its substrates. In skeletal muscle, contributes to insulin regulation of glycogen synthesis by phosphorylating and inhibiting GYS1 activity and hence glyc [...] 	https://smart.embl.de/smart/DDvec.cgi?smart=433:S_TKc(56|353)+	1GNG,1H8F,1I09,1J1B,1J1C,1O6K,1O6L,1O9U,1PYX,1Q3D,1Q3W,1Q41,1Q4L,1Q5K,1R0E,1UV5,2.7.11.1,2.7.11.26,2932,2JDO,2JDR,2JLD,2O5K,2OW3,2UW9,2X39,2XH5,3CQU,3CQW,3DU8,3E87,3E88,3E8D,3F7Z,3F88,3GB2,3I4B,3L1S,3M1S,3MV5,3OW4,3PUP,3Q3B,3QKK,3SAY,3SD0,3ZDI,3ZRK,3ZRL,3ZRM,4ACC,4ACD,4ACG,4ACH,4AFJ,4B7T,4DIT,4EKK,4IQ6,4J1R,4J71,4NM0,4NM3,4NM5,4NM7,4PTC,4PTE,4PTG,5F94,5F95,5HLN,5HLP,5K5N,5KPK,5KPL,5KPM,5OY4,5T31,6B8J,6BUU,6GJO,6GN1,6H0U,6HK3,6HK4,6HK7,6NPZ,A0A3B3ITW1,AAA66475.1,AAC69340.1,AAD48517.1,AAH00251.1,AAH12760.1,ABX89591.1,AC069444,AC078856,AC092910,AF074333,AF098789,AK290897,BAF83586.1,BC000251,BC012760,CAB016263,CAG38748.1,CCDS2996,CCDS2996.1,CCDS54628,CCDS54628.1,CH471052,CHEMBL262,CR536510,D3DN89,EAW79533.1,EAW79534.1,EAW79535.1,EAW79536.1,EC 2.7.11.26,ENSG00000082701,ENSP00000264235,ENSP00000324806,ENSP00000437981,ENSP00000497956,ENST00000264235,ENST00000264235.12,ENST00000316626,ENST00000316626.5,ENST00000473886,ENST00000473886.1,ENST00000474830,ENST00000474830.1,ENST00000539838,ENST00000650344,ENST00000650344.1,EU302497,GSK-3 beta,GSK3B,GSK3B-201,GSK3B-202,GSK3B-203,GSK3B-204,GSK3B-205,GSK3B_HUMAN,Glycogen synthase kinase 3 beta,Glycogen synthase kinase-3 beta,HGNC:4617,HPA028017,L33801,NM_001146156,NM_001146156.1,NM_001146156.2,NM_001354596,NM_001354596.2,NM_002093,NM_002093.3,NM_002093.4,NP_001139628,NP_001139628.1,NP_001341525,NP_001341525.1,NP_002084,NP_002084.2,NX_P49841,OMIM:605004,OTTHUMG00000133765,P49841,Q6FI27,Q9BWH3,Q9UL47,R-HSA-1257604,R-HSA-1266738,R-HSA-162582,R-HSA-1640170,R-HSA-1643685,R-HSA-195253,R-HSA-195721,R-HSA-196299,R-HSA-198323,R-HSA-201681,R-HSA-212165,R-HSA-212436,R-HSA-2219528,R-HSA-2262752,R-HSA-3371453,R-HSA-3371556,R-HSA-373755,R-HSA-399956,R-HSA-422475,R-HSA-4641262,R-HSA-4791275,R-HSA-4839735,R-HSA-4839743,R-HSA-4839744,R-HSA-4839748,R-HSA-5250913,R-HSA-5250924,R-HSA-5339716,R-HSA-5358351,R-HSA-5358747,R-HSA-5358749,R-HSA-5358751,R-HSA-5358752,R-HSA-5467337,R-HSA-5467340,R-HSA-5467348,R-HSA-5610783,R-HSA-5610785,R-HSA-5610787,R-HSA-5663202,R-HSA-5674400,R-HSA-69242,R-HSA-69278,R-HSA-73857,R-HSA-74160,R-HSA-75815,R-HSA-8878166,R-HSA-8939902,R-HSA-8953897,R-HSA-9006925,Serine/threonine-protein kinase GSK3B,UPI000002ACBB,UPI000004DAA4,UPI000E6E7276,URS0000CE3EE5,URS0000D6D6D4,XM_006713610,XM_006713610.3,XP_006713673,XP_006713673.1,glycogen synthase kinase 3 beta,hsa:2932,uc003edn.4
IDE	9606.ENSP00000265986	Insulin-degrading enzyme; Plays a role in the cellular breakdown of insulin, APP peptides, IAPP peptides, glucagon, bradykinin, kallidin and other peptides, and thereby plays a role in intercellular peptide signaling. Substrate binding induces important conformation changes, making it possible to bind and degrade larger substrates, such as insulin. Contributes to the regulation of peptide hormone signaling cascades and regulation of blood glucose homeostasis via its role in the degradation of insulin, glucagon and IAPP (By similarity). Plays a role in the degradation and clearance of A [...] 	https://smart.embl.de/smart/DDvec.cgi?smart=1019:Pfam_Peptidase_M16(74|212)+Pfam_Peptidase_M16_C(237|417)+Pfam_Peptidase_M16_M(422|703)+Pfam_Peptidase_M16_C(706|889)+	2G47,2G48,2G49,2G54,2G56,2JBU,2JG4,2WBY,2WC0,2WK3,2YPU,3.4.24.56,3416,3CWW,3E4A,3E4Z,3E50,3H44,3HGZ,3N56,3N57,3OFI,3QZ2,4DTT,4DWK,4GS8,4GSC,4GSF,4IFH,4IOF,4LTE,4M1C,4NXO,4PES,4PF7,4PF9,4PFC,4QIA,4RAL,4RE9,5CJO,5UOE,5WOB,6B3Q,6B70,6B7Y,6B7Z,6BF6,6BF7,6BF8,6BF9,6BFC,6BYZ,6EDS,6MQ3,A0A3B3ISG5,AAA52712.1,AAH96336.1,AAH96337.1,AAH96339.1,AK312810,AK316407,AL356128,Abeta-degrading protease,B2R721,B7ZAU2,BAG35668.1,BAH14778.1,BC096336,BC096337,BC096339,CCDS53554,CCDS53554.1,CCDS7421,CCDS7421.1,CH471066,CHEMBL1293287,D3DR35,EAW50090.1,EAW50091.1,EC 3.4.24.56,ENSG00000119912,ENSP00000265986,ENSP00000326960,ENSP00000360636,ENSP00000360637,ENSP00000408850,ENSP00000473506,ENSP00000497272,ENST00000265986,ENST00000265986.10,ENST00000313535,ENST00000371580,ENST00000371581,ENST00000371581.9,ENST00000436178,ENST00000436178.1,ENST00000462988,ENST00000462988.1,ENST00000463640,ENST00000463640.1,ENST00000478361,ENST00000478361.6,ENST00000492362,ENST00000492362.1,ENST00000496903,ENST00000496903.5,ENST00000650060,ENST00000650060.1,HGNC:5381,HPA063478,IDE,IDE-201,IDE-202,IDE-203,IDE-204,IDE-205,IDE-206,IDE-207,IDE-208,IDE-209,IDE_HUMAN,INSULYSIN,Insulin degrading enzyme,Insulin protease,Insulin-degrading enzyme,Insulinase,Insulysin,M16.002,M16.982,M21188,NM_001165946,NM_001165946.1,NM_001322793,NM_001322793.1,NM_001322794,NM_001322794.1,NM_001322795,NM_001322795.1,NM_001322796,NM_001322796.1,NM_001322797,NM_001322797.1,NM_004969,NM_004969.3,NM_004969.4,NP_001159418,NP_001159418.1,NP_001309722,NP_001309722.1,NP_001309723,NP_001309723.1,NP_001309724,NP_001309724.1,NP_001309725,NP_001309725.1,NP_001309726,NP_001309726.1,NP_004960,NP_004960.2,NR_136399,NR_136399.1,NX_P14735,OMIM:146680,OTTHUMG00000018759,P14735,Q5T5N2,Q5T5N3,R-HSA-392499,R-HSA-5688426,R-HSA-5689880,R-HSA-597592,R-HSA-9033241,R-HSA-9609507,R4GN65,UPI000013D6B6,UPI000046FF15,UPI000191546C,UPI0002B83261,UPI000387CEBD,URS0000D3A5AD,URS0000D6E6E3,URS0000E915D3,XM_017016187,XM_017016187.1,XM_017016188,XM_017016188.1,XM_017016189,XM_017016189.1,XM_017016190,XM_017016190.1,XP_016871676,XP_016871676.1,XP_016871677,XP_016871677.1,XP_016871678,XP_016871678.1,XP_016871679,XP_016871679.1,XR_001747103,XR_001747103.2,XR_945727,XR_945727.3,hsa:3416,insulin degrading enzyme,insulin-degrading enzyme,insulysin,uc001kia.4
IGLV10-54	9606.ENSP00000491969	Immunoglobulin lambda variable 10-54.	https://smart.embl.de/smart/DDvec.cgi?smart=117:SIGNAL(1|19)+IGv(36|110)+	28772,A0A075B6I4,A0A1W2PQ80,A0A1W2PQ80_HUMAN,AC245060,AC245452,AC245517,ENSG00000211642,ENSP00000374822,ENSP00000491969,ENST00000390287,ENST00000390287.2,ENST00000640991,ENST00000640991.1,HGNC:5884,IGLV10-54,IGLV10-54-201,IGLV10-54-202,Immunoglobulin lambda variable 10-54,NG_000002,OTTHUMG00000150993,UPI0000F3032E,UPI0009B4ECA7,Z73676,immunoglobulin lambda variable 10-54,uc032qho.2
LRP1	9606.ENSP00000243077	Low-density lipoprotein receptor-related protein 1 intracellular domain; Endocytic receptor involved in endocytosis and in phagocytosis of apoptotic cells. Required for early embryonic development. Involved in cellular lipid homeostasis. Involved in the plasma clearance of chylomicron remnants and activated LRPAP1 (alpha 2- macroglobulin), as well as the local metabolism of complexes between plasminogen activators and their endogenous inhibitors. May modulate cellular events, such as APP metabolism, kinase-dependent intracellular signaling, neuronal calcium signaling as well as neurotr [...] 	https://smart.embl.de/smart/DDvec.cgi?smart=4544:SIGNAL(1|19)+LDLa(26|66)+LDLa(71|110)+EGF(114|149)+EGF_CA(150|189)+LY(272|314)+LY(315|358)+LY(359|401)+EGF(477|520)+LY(551|593)+LY(594|637)+LY(640|689)+LY(690|733)+EGF(806|843)+LDLa(853|892)+LDLa(894|933)+LDLa(935|973)+LDLa(975|1013)+LDLa(1014|1053)+LDLa(1061|1099)+LDLa(1103|1142)+LDLa(1144|1184)+EGF(1184|1222)+EGF(1226|1262)+LY(1289|1331)+LY(1336|1378)+LY(1379|1423)+LY(1424|1468)+LY(1470|1512)+EGF(1539|1579)+LY(1605|1649)+LY(1650|1694)+LY(1697|1734)+LY(1735|1776)+EGF(1849|1887)+LY(1914|1956)+LY(1957|1999)+LY(2000|2043)+LY(2044|2086)+LY(2088|2130)+EGF(2158|2195)+LY(2275|2317)+LY(2323|2368)+LY(2369|2411)+LY(2412|2453)+EGF(2481|2518)+LDLa(2523|2563)+LDLa(2565|2602)+LDLa(2604|2641)+LDLa(2659|2690)+LDLa(2695|2732)+LDLa(2733|2771)+LDLa(2773|2814)+LDLa(2817|2855)+LDLa(2857|2899)+LDLa(2903|2941)+EGF_CA(2940|2981)+EGF_CA(2982|3022)+LY(3049|3093)+LY(3094|3136)+LY(3137|3180)+LY(3181|3223)+LY(3224|3264)+EGF(3293|3331)+LDLa(3333|3371)+LDLa(3373|3410)+LDLa(3412|3450)+LDLa(3452|3491)+LDLa(3493|3533)+LDLa(3535|3572)+EGF_like(3574|3610)+LDLa(3612|3649)+LDLa(3653|3692)+LDLa(3694|3733)+LDLa(3740|3778)+EGF(3784|3823)+EGF(3827|3861)+LY(3892|3934)+LY(3950|3992)+LY(3993|4036)+LY(4037|4079)+EGF(4150|4183)+EGF(4199|4232)+EGF(4235|4268)+EGF(4271|4304)+EGF(4307|4340)+EGF_like(4343|4375)+EGF(4376|4409)+TRANS(4421|4443)+	1CR8,1D2L,1J8E,2FYJ,2FYL,2KNX,2KNY,4035,A2MR,AAC64265.1,AAH21204.1,AAH45107.1,AAH52593.1,AAH72015.1,ABC40732.1,AC023237,AC137628,AC137834,AF058427,APOER,APR,Alpha-2-macroglobulin receptor,Apolipoprotein E receptor,BC021204,BC045107,BC052593,BC072015,CAA32112.1,CAA33464.1,CAB018621,CAD57169.1,CCDS8932,CCDS8932.1,CD91,DQ314873,ENSG00000123384,ENSP00000243077,ENSP00000341264,ENSP00000377419,ENSP00000451012,ENSP00000451449,ENSP00000451622,ENSP00000451737,ENST00000243077,ENST00000243077.7,ENST00000338962,ENST00000338962.8,ENST00000393833,ENST00000451724,ENST00000451724.6,ENST00000553277,ENST00000553277.5,ENST00000553446,ENST00000553446.1,ENST00000554118,ENST00000554118.1,ENST00000554174,ENST00000554174.1,ENST00000555124,ENST00000555124.1,ENST00000555941,ENST00000555941.1,ENST00000556247,ENST00000556247.1,ENST00000556356,ENST00000556356.1,ENST00000556830,ENST00000556830.1,H0YJ88,H0YJI8,HGNC:6692,HPA004182,HPA022903,IGFBP-3R,IGFBP3R,IGFBP3R1,KPA,LDL receptor related protein 1,LRP,LRP-1,LRP-515,LRP-85,LRP1,LRP1-201,LRP1-202,LRP1-203,LRP1-204,LRP1-205,LRP1-206,LRP1-207,LRP1-208,LRP1-209,LRP1-210,LRP1-211,LRP1-212,LRP1A,LRP1_HUMAN,LRPICD,NM_002332,NM_002332.2,NM_002332.3,NP_002323,NP_002323.2,NX_Q07954,OMIM:107770,OTTHUMG00000044412,Q07954,Q2PP12,Q6PJ72,Q7Z7K9,Q86SW0,Q8IVG8,R-HSA-1430728,R-HSA-162582,R-HSA-196854,R-HSA-2168880,R-HSA-2173782,R-HSA-2187338,R-HSA-372790,R-HSA-388396,R-HSA-418594,R-HSA-5653656,R-HSA-6806667,R-HSA-975634,TGFBR5,UPI000000DACF,UPI000019B17E,UPI00001B044F,UPI00001BDA6F,UPI00021CF494,UPI00021CF495,URS00008C112A,URS0000EA09FD,X13916,X15424,XM_017019303,XM_017019303.1,XP_016874792,XP_016874792.1,Y18524,alpha-2-macroglobulin receptor,hsa:4035,transforming growth factor-β receptor type V,uc001snd.4
LRP8	9606.ENSP00000303634	Low-density lipoprotein receptor-related protein 8; Cell surface receptor for Reelin (RELN) and apolipoprotein E (apoE)-containing ligands. LRP8 participates in transmitting the extracellular Reelin signal to intracellular signaling processes, by binding to DAB1 on its cytoplasmic tail. Reelin acts via both the VLDL receptor (VLDLR) and LRP8 to regulate DAB1 tyrosine phosphorylation and microtubule function in neurons. LRP8 has higher affinity for Reelin than VLDLR. LRP8 is thus a key component of the Reelin pathway which governs neuronal layering of the forebrain during embryonic brai [...] 	https://smart.embl.de/smart/DDvec.cgi?smart=963:SIGNAL(1|32)+LDLa(46|83)+EGF_like(85|123)+LDLa(126|165)+LDLa(166|203)+LDLa(205|247)+LDLa(258|296)+LDLa(298|335)+EGF(339|375)+EGF_CA(376|415)+LY(442|484)+LY(489|531)+LY(532|575)+LY(576|618)+LY(619|662)+EGF(689|735)+TRANS(826|848)+	3A7Q,5B4X,5B4Y,7804,AAH06443.1,AAH51836.2,AL355483,AL606760,APOER2,Apolipoprotein E receptor 2,B1AMT6,B1AMT7,B1AMT8,BAA09328.1,BAA21824.1,BAA21825.1,BC006443,BC051836,CAA99509.1,CCDS30720,CCDS30720.1,CCDS578,CCDS578.1,CCDS579,CCDS579.1,CCDS580,CCDS580.1,D50678,D86407,E9PKG2,E9PP15,ENSG00000157193,ENSP00000287882,ENSP00000303634,ENSP00000308197,ENSP00000321568,ENSP00000321592,ENSP00000321958,ENSP00000326416,ENSP00000334522,ENSP00000346391,ENSP00000350082,ENSP00000360507,ENSP00000360509,ENSP00000360511,ENSP00000431241,ENSP00000433554,ENSP00000435346,ENSP00000436651,ENSP00000437009,ENSP00000480025,ENSP00000497852,ENSP00000499254,ENSP00000499267,ENSP00000499273,ENSP00000499355,ENSP00000499405,ENSP00000499410,ENSP00000499442,ENSP00000499486,ENSP00000499547,ENSP00000499550,ENSP00000499574,ENSP00000499697,ENSP00000499708,ENSP00000499744,ENSP00000499764,ENSP00000499777,ENSP00000499783,ENST00000287882,ENST00000306052,ENST00000306052.10,ENST00000312362,ENST00000321928,ENST00000321938,ENST00000321964,ENST00000322000,ENST00000335236,ENST00000347547,ENST00000347547.6,ENST00000348620,ENST00000354412,ENST00000354412.7,ENST00000357488,ENST00000371452,ENST00000371454,ENST00000371454.6,ENST00000371456,ENST00000450469,ENST00000450469.1,ENST00000459674,ENST00000459674.5,ENST00000460214,ENST00000465675,ENST00000465675.5,ENST00000475501,ENST00000480045,ENST00000481431,ENST00000481431.1,ENST00000496580,ENST00000496580.1,ENST00000529670,ENST00000529670.5,ENST00000613948,ENST00000648106,ENST00000653169,ENST00000653217,ENST00000653810,ENST00000654634,ENST00000654834,ENST00000654947,ENST00000655704,ENST00000656486,ENST00000657047,ENST00000657895,ENST00000658277,ENST00000658404,ENST00000659993,ENST00000661359,ENST00000661457,ENST00000662198,ENST00000662604,ENST00000662802,ENST00000667377,ENST00000668071,ENST00000668448,ENST00000668991,ENST00000669432,H0YCA4,H0YEA5,H0YEV6,HGNC:6700,HPA073031,HSZ75190,LDL receptor related protein 8,LRP-8,LRP8,LRP8-201,LRP8-202,LRP8-203,LRP8-204,LRP8-205,LRP8-206,LRP8-207,LRP8-208,LRP8-209,LRP8-210,LRP8-211,LRP8-212,LRP8-213,LRP8-214,LRP8-215,LRP8-216,LRP8-217,LRP8-218,LRP8-219,LRP8-220,LRP8-221,LRP8-222,LRP8-223,LRP8-224,LRP8-225,LRP8-226,LRP8-227,LRP8-228,LRP8-229,LRP8-230,LRP8-231,LRP8-232,LRP8-233,LRP8-234,LRP8-235,LRP8-236,LRP8_HUMAN,MCI1,NM_001018054,NM_001018054.2,NM_001018054.3,NM_004631,NM_004631.4,NM_004631.5,NM_017522,NM_017522.4,NM_017522.5,NM_033300,NM_033300.3,NM_033300.4,NP_001018064,NP_001018064.1,NP_004622,NP_004622.2,NP_059992,NP_059992.3,NP_150643,NP_150643.2,NX_Q14114,O14968,OMIM:602600,OTTHUMG00000008924,Q14114,Q86V27,Q99876,Q9BR78,R-HSA-109582,R-HSA-1430728,R-HSA-162582,R-HSA-196854,R-HSA-2187338,R-HSA-372790,R-HSA-388396,R-HSA-418346,R-HSA-418594,R-HSA-432142,R-HSA-6806667,R-HSA-975634,UPI00001AEE1A,UPI00001AF333,UPI00001AF338,UPI000041FF0D,UPI00004561DF,UPI0001F78327,UPI0011487209,UPI001148F17E,UPI0011492918,UPI00114963DE,UPI001149D77D,UPI001149E6C0,UPI00114A2375,UPI00114A3A25,UPI00114A7268,UPI00114A7C8F,UPI00114A824E,UPI00114A8E6F,UPI00114A8F06,UPI00114AE639,UPI00114B03E1,UPI00114B27C4,UPI00114B2A5F,UPI00114BA2B9,UPI00114BE373,UPI00114C10B4,URS00000EDCF6,URS0000EEEBF7,URS0000EF0DBA,URS0000EF5F56,URS0000EF60DC,URS0000EF720A,XM_005271173,XM_005271173.4,XM_005271174,XM_005271174.3,XM_005271175,XM_005271175.3,XM_006710881,XM_006710881.4,XM_006710882,XM_006710882.4,XM_011542094,XM_011542094.2,XM_011542095,XM_011542095.2,XM_011542096,XM_011542096.2,XM_017002265,XM_017002265.1,XM_017002266,XM_017002266.2,XM_017002267,XM_017002267.1,XM_017002268,XM_017002268.1,XP_005271230,XP_005271230.1,XP_005271231,XP_005271231.1,XP_005271232,XP_005271232.1,XP_006710944,XP_006710944.1,XP_006710945,XP_006710945.1,XP_011540396,XP_011540396.1,XP_011540397,XP_011540397.1,XP_011540398,XP_011540398.1,XP_016857754,XP_016857754.1,XP_016857755,XP_016857755.1,XP_016857756,XP_016857756.1,XP_016857757,XP_016857757.1,Z75190,hsa:7804,uc001cvi.4
MAPT	9606.ENSP00000340820	Microtubule-associated protein tau; Promotes microtubule assembly and stability, and might be involved in the establishment and maintenance of neuronal polarity. The C-terminus binds axonal microtubules while the N-terminus binds neural plasma membrane components, suggesting that tau functions as a linker protein between both. Axonal polarity is predetermined by TAU/MAPT localization (in the neuronal cell) in the domain of the cell body defined by the centrosome. The short isoforms allow plasticity of the cytoskeleton whereas the longer isoforms may preferentially play a role in its st [...] 	https://smart.embl.de/smart/DDvec.cgi?smart=776:Pfam_Tubulin-binding(579|609)+Pfam_Tubulin-binding(610|640)+Pfam_Tubulin-binding(641|671)+Pfam_Tubulin-binding(672|703)+	1I8H,2MZ7,2ON9,3OVL,4137,4E0M,4E0N,4E0O,4FL5,4GLR,4NP8,4TQE,4Y32,4Y3B,4Y5I,5DMG,5E2V,5E2W,5HF3,5K7N,5MO3,5MP1,5MP3,5MP5,5N5A,5N5B,5NVB,5O3L,5O3O,5O3T,5V5B,5V5C,5ZIA,5ZV3,6BB4,6CVJ,6CVN,6DC8,6DC9,6DCA,6FBW,6FI5,6GK7,6GK8,6GX5,6H06,6HRE,6HRF,6N4P,6NWP,6NWQ,6ODG,6QJH,6QJM,6QJP,6QJQ,A0A024R9Y0,A0A024R9Y1,A0A024RA17,AAA57264.1,AAA60615.1,AAC04277.1,AAC04278.1,AAC04279.1,AAH00558.1,AAH98281.1,AAH99721.1,AAI01937.1,AAI14505.1,AAI14949.1,AAP35418.1,AAS17881.1,AAU45390.1,AC004139,AC010792,AC217771,AC217779,AC243621,AC243658,AF027491,AF027492,AF027493,AF027494,AF027495,AF027496,AF047856,AF047857,AF047858,AF047859,AF047860,AF047861,AF047862,AF047863,AY526356,AY730549,BC000558,BC098281,BC099721,BC101936,BC114504,BC114948,BN000503,BT006772,BX544879,CAA32636.1,CAB000151,CAB072344,CAG26750.1,CCDS11499,CCDS11499.1,CCDS11500,CCDS11500.1,CCDS11501,CCDS11501.1,CCDS11502,CCDS11502.1,CCDS45715,CCDS45715.1,CCDS45716,CCDS45716.1,CCDS56033,CCDS56033.1,CH471233,CHEMBL1293224,CR936218,DDPAC,EAW93565.1,EAW93566.1,EAW93567.1,EAW93568.1,EAW93569.1,EAW93572.1,ENSG00000186868,ENSG00000276155,ENSG00000277956,ENSP00000262410,ENSP00000302706,ENSP00000303214,ENSP00000334886,ENSP00000340438,ENSP00000340820,ENSP00000346287,ENSP00000387667,ENSP00000389250,ENSP00000408975,ENSP00000410838,ENSP00000413056,ENSP00000443028,ENSP00000458621,ENSP00000458742,ENSP00000460048,ENSP00000460965,ENSP00000477703,ENSP00000478602,ENSP00000479142,ENSP00000481769,ENSP00000482244,ENSP00000483784,ENSP00000484321,ENSP00000484491,ENSP00000486039,ENSP00000487570,ENSP00000487819,ENSP00000487837,ENSP00000488245,ENSP00000488373,ENST00000262410,ENST00000262410.9,ENST00000306403,ENST00000306424,ENST00000334239,ENST00000334239.12,ENST00000340799,ENST00000340799.9,ENST00000344290,ENST00000344290.9,ENST00000347967,ENST00000351559,ENST00000351559.9,ENST00000354326,ENST00000415613,ENST00000415613.6,ENST00000420682,ENST00000420682.6,ENST00000431008,ENST00000431008.7,ENST00000446361,ENST00000446361.7,ENST00000447599,ENST00000535772,ENST00000535772.5,ENST00000570299,ENST00000570299.5,ENST00000571311,ENST00000571311.5,ENST00000571987,ENST00000571987.5,ENST00000572440,ENST00000572440.1,ENST00000574436,ENST00000574436.5,ENST00000576238,ENST00000576238.1,ENST00000576518,ENST00000576518.1,ENST00000577017,ENST00000577017.1,ENST00000612872,ENST00000613360,ENST00000620070,ENST00000620818,ENST00000620981,ENST00000621329,ENST00000622106,ENST00000622728,ENST00000626571,ENST00000628393,ENST00000631447,ENST00000632500,ENST00000633047,ENST00000634049,FLJ31424,FTDP-17,HGNC:6893,HPA048895,HPA069524,HPA069570,I3L2Z2,J03778,M25298,MAPT,MAPT-201,MAPT-202,MAPT-203,MAPT-204,MAPT-205,MAPT-206,MAPT-207,MAPT-208,MAPT-209,MAPT-210,MAPT-211,MAPT-212,MAPT-213,MAPT-214,MAPT-215,MAPT-216,MAPT-217,MAPT-218,MAPTL,MGC138549,MSTD,MTBT1,MTBT2,Microtubule associated protein tau,Microtubule-associated protein tau,NM_001123066,NM_001123066.3,NM_001123067,NM_001123067.3,NM_001203251,NM_001203251.2,NM_001203252,NM_001203252.1,NM_005910,NM_005910.5,NM_016834,NM_016834.4,NM_016834.5,NM_016835,NM_016835.4,NM_016841,NM_016841.4,NM_016841.5,NP_001116538,NP_001116538.2,NP_001116539,NP_001116539.1,NP_001190180,NP_001190180.1,NP_001190181,NP_001190181.1,NP_005901,NP_005901.2,NP_058518,NP_058518.1,NP_058519,NP_058519.3,NP_058525,NP_058525.1,NX_P10636,Neurofibrillary tangle protein,OMIM:157140,OTTHUMG00000168833,P10636,P18518,PHF-tau,PPND,PPP1R103,Paired helical filament-tau,Q14799,Q15549,Q15550,Q15551,Q1RMF6,Q53YB1,Q5CZI7,Q5XWF0,Q6QT54,Q9UDJ3,Q9UMH0,Q9UQ96,R-HSA-109581,R-HSA-111465,R-HSA-112314,R-HSA-112315,R-HSA-112316,R-HSA-264870,R-HSA-438064,R-HSA-442755,R-HSA-5357801,R-HSA-75153,R-HSA-9619483,TAU,TAU_HUMAN,UPI0000000C16,UPI000002D754,UPI000004EEE4,UPI000004EEE5,UPI000004EEE6,UPI0000EE80B7,UPI0001AE66E9,UPI00025A2E6E,URS00008B566F,X14474,XM_005257362,XM_005257362.4,XM_005257364,XM_005257364.4,XM_005257365,XM_005257365.4,XM_005257366,XM_005257366.3,XM_005257367,XM_005257367.4,XM_005257368,XM_005257368.4,XM_005257369,XM_005257369.4,XM_005257370,XM_005257370.4,XM_005257371,XM_005257371.4,XP_005257419,XP_005257419.1,XP_005257421,XP_005257421.1,XP_005257422,XP_005257422.1,XP_005257423,XP_005257423.1,XP_005257424,XP_005257424.1,XP_005257425,XP_005257425.1,XP_005257426,XP_005257426.1,XP_005257427,XP_005257427.1,XP_005257428,XP_005257428.1,hsa:4137,microtubule associated protein tau,microtubule-associated protein tau, isoform 4,protein phosphatase 1, regulatory subunit 103,tau,uc002ijr.5,uc010dau.4
MMEL1	9606.ENSP00000367668	Membrane metallo-endopeptidase-like 1, soluble form; Metalloprotease involved in sperm function, possibly by modulating the processes of fertilization and early embryonic development. Degrades a broad variety of small peptides with a preference for peptides shorter than 3 kDa containing neutral bulky aliphatic or aromatic amino acid residues. Shares the same substrate specificity with MME and cleaves peptides at the same amide bond (By similarity); Belongs to the peptidase M13 family.	https://smart.embl.de/smart/DDvec.cgi?smart=779:TRANS(24|46)+Pfam_Peptidase_M13_N(111|511)+Pfam_Peptidase_M13(572|778)+	3.4.24.11,79258,AAI01028.2,AAI01029.2,AAI01030.1,AAI01031.2,AAL08942.1,AC234231,AF336981,AL139246,AL589746,AL831784,B9DI79,BC101027,BC101028,BC101029,BC101030,CAB020786,CCDS30569,CCDS30569.2,CH471183,CHEMBL3638356,EAW56082.1,EC 3.4.24.11,ENSG00000142606,ENSG00000277131,ENSP00000288709,ENSP00000367667,ENSP00000367668,ENSP00000374395,ENSP00000422492,ENSP00000425477,ENSP00000461938,ENSP00000482173,ENSP00000484606,ENSP00000486668,ENST00000288709,ENST00000378411,ENST00000378412,ENST00000378412.7,ENST00000389745,ENST00000464195,ENST00000464195.1,ENST00000469962,ENST00000469962.1,ENST00000471840,ENST00000471840.5,ENST00000491941,ENST00000491941.5,ENST00000502556,ENST00000502556.5,ENST00000504800,ENST00000504800.5,ENST00000509374,ENST00000509374.1,ENST00000511099,ENST00000511099.1,ENST00000611357,ENST00000621908,ENST00000628503,HGNC:14668,HPA007876,HPA008205,J3KRD2,M13.008,MELL1,MMEL1,MMEL1-201,MMEL1-202,MMEL1-203,MMEL1-204,MMEL1-205,MMEL1-206,MMEL1-207,MMEL1-208,MMEL1-209,MMEL1_HUMAN,MMEL2,Membrane metallo-endopeptidase-like 1,Membrane metallo-endopeptidase-like 2,Membrane metalloendopeptidase like 1,NEP2,NEP2(m),NEP2(s),NEPII,NL1,NL2,NM_033467,NM_033467.3,NM_033467.4,NP_258428,NP_258428.2,NX_Q495T6,Neprilysin,Neprilysin II,Neprilysin-2,Neprilysin-2 secreted,OMIM:618104,OTTHUMG00000000846,Q495T6,Q495T7,Q495T8,Q5SZS6,Q96PH9,SEP,UPI0000047596,UPI000058E057,UPI0000DD094B,UPI000268AE16,URS00008BB84B,URS0000D6DB31,URS0000EA1D15,XM_011542122,XM_011542122.2,XM_017002310,XM_017002310.1,XM_017002311,XM_017002311.1,XM_017002312,XM_017002312.1,XM_017002313,XM_017002313.1,XM_017002314,XM_017002314.1,XM_017002315,XM_017002315.1,XP_011540424,XP_011540424.1,XP_016857799,XP_016857799.1,XP_016857800,XP_016857800.1,XP_016857801,XP_016857801.1,XP_016857802,XP_016857802.1,XP_016857803,XP_016857803.1,XP_016857804,XP_016857804.1,XR_001737402,XR_001737402.1,hsa:79258,membrane metallo-endopeptidase-like 2,membrane metalloendopeptidase like 1,neprilysin 2,neprilysin-II,uc001ajy.3
NCSTN	9606.ENSP00000294785	Nicastrin; Essential subunit of the gamma-secretase complex, an endoprotease complex that catalyzes the intramembrane cleavage of integral membrane proteins such as Notch receptors and APP (amyloid- beta precursor protein). The gamma-secretase complex plays a role in Notch and Wnt signaling cascades and regulation of downstream processes via its role in processing key regulatory proteins, and by regulating cytosolic CTNNB1 levels.	https://smart.embl.de/smart/DDvec.cgi?smart=709:SIGNAL(1|33)+Pfam_Nicastrin(274|499)+TRANS(670|692)+	23385,2N7Q,2N7R,4UIS,5A63,5FN2,5FN3,5FN4,5FN5,6IDF,6IYC,A0A2R8YCK1,A0A2R8YE20,A0A2U3TZL9,AAG11412.1,AAH47621.1,AAQ89478.1,AF240468,AK314764,AL445230,APH2,ATAG1874,AY359120,BAA13383.1,BAG37302.1,BC047621,CAB021982,CCDS1203,CCDS1203.1,CH471121,CHEMBL3418,D87442,EAW52720.1,EAW52721.1,EAW52722.1,ENSG00000162736,ENSP00000294785,ENSP00000342773,ENSP00000348281,ENSP00000357042,ENSP00000357043,ENSP00000357044,ENSP00000357045,ENSP00000357046,ENSP00000376047,ENSP00000388118,ENSP00000389370,ENSP00000390409,ENSP00000407849,ENSP00000410124,ENSP00000415442,ENSP00000442605,ENSP00000493689,ENSP00000495179,ENST00000294785,ENST00000294785.9,ENST00000343351,ENST00000356002,ENST00000368063,ENST00000368063.6,ENST00000368064,ENST00000368065,ENST00000368066,ENST00000368067,ENST00000392212,ENST00000421914,ENST00000421914.5,ENST00000424645,ENST00000424645.6,ENST00000424754,ENST00000424754.5,ENST00000435149,ENST00000435149.1,ENST00000437169,ENST00000437169.5,ENST00000438008,ENST00000438008.5,ENST00000459963,ENST00000459963.5,ENST00000465223,ENST00000465223.1,ENST00000467837,ENST00000467837.5,ENST00000469159,ENST00000469159.1,ENST00000491332,ENST00000491332.1,ENST00000491390,ENST00000491390.1,ENST00000535857,H0Y3Z4,H0Y6T7,HGNC:17091,HPA054846,HPA070642,KIAA0253,NCSTN,NCSTN-201,NCSTN-202,NCSTN-203,NCSTN-204,NCSTN-205,NCSTN-206,NCSTN-207,NCSTN-208,NCSTN-209,NCSTN-210,NCSTN-211,NCSTN-212,NCSTN-213,NCSTN-214,NICA_HUMAN,NM_001290184,NM_001290184.1,NM_001290184.2,NM_001290186,NM_001290186.1,NM_001290186.2,NM_001349729,NM_001349729.2,NM_015331,NM_015331.2,NM_015331.3,NP_001277113,NP_001277113.1,NP_001277115,NP_001277115.1,NP_001336658,NP_001336658.1,NP_056146,NP_056146.1,NX_Q92542,Nicastrin,OMIM:605254,OTTHUMG00000033110,Q5T205,Q5T207,Q5T208,Q5T209,Q5T210,Q5T211,Q86VV5,Q92542,R-HSA-1236394,R-HSA-1251985,R-HSA-1266738,R-HSA-1474228,R-HSA-1474244,R-HSA-157118,R-HSA-162582,R-HSA-1643685,R-HSA-168249,R-HSA-168256,R-HSA-193692,R-HSA-193704,R-HSA-1980143,R-HSA-1980145,R-HSA-204998,R-HSA-205043,R-HSA-2122948,R-HSA-2644602,R-HSA-2644603,R-HSA-2644606,R-HSA-2682334,R-HSA-2894858,R-HSA-2894862,R-HSA-2979096,R-HSA-392499,R-HSA-3928665,R-HSA-422475,R-HSA-5663202,R-HSA-6798695,R-HSA-73887,R-HSA-9006934,R-HSA-9012852,R-HSA-9013507,R-HSA-9013694,R-HSA-9013700,R-HSA-9017802,R-HSA-977225,UNQ1874/PRO4317,UPI0000042050,UPI0000470087,UPI0000470088,UPI0000470089,UPI000047008B,UPI000059D05E,UPI00024D1385,UPI000D18BBE7,UPI000D18C859,UPI000D192298,URS00008BB4DD,URS0000E99823,URS0000EA8146,XM_005245053,XM_005245053.5,XP_005245110,XP_005245110.1,hsa:23385,nicastrin,uc001fvx.4
PICALM	9606.ENSP00000377015	Phosphatidylinositol-binding clathrin assembly protein; Cytoplasmic adapter protein that plays a critical role in clathrin-mediated endocytosis which is important in processes such as internalization of cell receptors, synaptic transmission or removal of apoptotic cells. Recruits AP-2 and attaches clathrin triskelions to the cytoplasmic side of plasma membrane leading to clathrin-coated vesicles (CCVs) assembly. Furthermore, regulates clathrin-coated vesicle size and maturation by directly sensing and driving membrane curvature. In addition to binding to clathrin, mediates the endocyto [...] 	https://smart.embl.de/smart/DDvec.cgi?smart=652:ENTH(20|145)+	8301,A0A024R5L7,A0A024R5P1,AAB07762.1,AAC16711.1,AAC16712.1,AAH48259.2,AAH64357.1,AAH73961.1,AB210017,AF060939,AF060940,AK300275,AP000767,B4DTM3,BAE06099.1,BAG62035.1,BC048259,BC064357,BC073961,CALM,CCDS31653,CCDS31653.1,CCDS55783,CCDS55783.1,CCDS55784,CCDS55784.1,CCDS8272,CCDS8272.1,CH471076,CLTH,E9PI56,E9PJT1,E9PK13,E9PKP6,E9PLJ8,E9PN05,EAW75120.1,EAW75122.1,EAW75127.1,EAW75128.1,ENSG00000073921,ENSP00000263366,ENSP00000318110,ENSP00000332785,ENSP00000341982,ENSP00000342095,ENSP00000348718,ENSP00000377012,ENSP00000377015,ENSP00000396321,ENSP00000396767,ENSP00000431545,ENSP00000431728,ENSP00000432509,ENSP00000432976,ENSP00000433166,ENSP00000433303,ENSP00000433846,ENSP00000434884,ENSP00000435311,ENSP00000435499,ENSP00000435737,ENSP00000435807,ENSP00000436508,ENSP00000436852,ENSP00000436958,ENSP00000487119,ENST00000263366,ENST00000314237,ENST00000328852,ENST00000341783,ENST00000341932,ENST00000349405,ENST00000356360,ENST00000356360.9,ENST00000393343,ENST00000393346,ENST00000447890,ENST00000454118,ENST00000525162,ENST00000525162.5,ENST00000526033,ENST00000526033.5,ENST00000526548,ENST00000526548.3,ENST00000526907,ENST00000526907.1,ENST00000526961,ENST00000526961.5,ENST00000528256,ENST00000528256.1,ENST00000528398,ENST00000528398.5,ENST00000528411,ENST00000528411.1,ENST00000529016,ENST00000529016.5,ENST00000529760,ENST00000529760.5,ENST00000530542,ENST00000530542.1,ENST00000530692,ENST00000530692.5,ENST00000531558,ENST00000531558.1,ENST00000531771,ENST00000531771.5,ENST00000531930,ENST00000531930.5,ENST00000532041,ENST00000532041.5,ENST00000532317,ENST00000532317.5,ENST00000532603,ENST00000532603.5,ENST00000533350,ENST00000533350.1,ENST00000534375,ENST00000534375.1,ENST00000534412,ENST00000534412.5,ENST00000630913,ENST00000630913.2,F8VPG7,H0YCY1,H0YD48,H0YE97,H0YEF7,H0YEH1,H0YEY8,HGNC:15514,HPA019053,HPA019061,KF455430,KF511164,LAP,NM_001008660,NM_001008660.2,NM_001008660.3,NM_001206946,NM_001206946.1,NM_001206946.2,NM_001206947,NM_001206947.1,NM_001206947.2,NM_007166,NM_007166.3,NM_007166.4,NP_001008660,NP_001008660.1,NP_001193875,NP_001193875.1,NP_001193876,NP_001193876.1,NP_009097,NP_009097.2,NX_Q13492,O60700,OMIM:603025,OTTHUMG00000166981,PICALM,PICALM-201,PICALM-202,PICALM-203,PICALM-204,PICALM-205,PICALM-206,PICALM-207,PICALM-208,PICALM-209,PICALM-210,PICALM-211,PICALM-212,PICALM-213,PICALM-214,PICALM-215,PICALM-216,PICALM-217,PICALM-218,PICALM-219,PICALM-220,PICALM-221,PICALM-222,PICALM-223,PICALM-224,PICAL_HUMAN,Q13492,Q4LE54,Q6GMQ6,Q86XZ9,R-HSA-199991,R-HSA-199992,R-HSA-432722,R-HSA-5653656,R-HSA-8856825,R-HSA-8856828,U45976,UPI00001AE879,UPI00001FB096,UPI00001FB097,UPI0000231C05,UPI000045655A,UPI00016395DD,UPI0001F782B1,UPI0001F782B2,UPI0001F782B3,UPI0001F782B4,UPI0001F782B5,UPI0001F782B6,UPI0001F782B7,UPI0001F782B8,UPI0001F782BA,UPI0003F48376,URS00008C393D,URS0000D6DC3A,URS0000D6DF24,URS0000D6E198,URS0000D6E438,XM_005274322,XM_005274322.3,XM_005274323,XM_005274323.3,XM_005274324,XM_005274324.3,XM_005274325,XM_005274325.3,XM_005274326,XM_005274326.3,XM_005274327,XM_005274327.3,XM_005274328,XM_005274328.3,XM_005274329,XM_005274329.4,XM_005274330,XM_005274330.3,XM_005274331,XM_005274331.2,XM_005274331.3,XM_005274332,XM_005274332.3,XM_005274333,XM_005274333.3,XM_005274334,XM_005274334.3,XM_005274335,XM_005274335.3,XM_005274336,XM_005274336.3,XM_005274337,XM_005274337.3,XM_005274340,XM_005274340.3,XM_006718699,XM_006718699.3,XM_006718700,XM_006718700.3,XM_006718701,XM_006718701.4,XM_011545293,XM_011545293.2,XM_017018381,XM_017018381.2,XM_017018382,XM_017018382.2,XM_017018383,XM_017018383.2,XM_017018384,XM_017018384.2,XM_017018385,XM_017018385.2,XM_017018386,XM_017018386.2,XM_017018387,XM_017018387.2,XM_017018388,XM_017018388.2,XM_024448700,XM_024448700.1,XP_005274379,XP_005274379.1,XP_005274380,XP_005274380.1,XP_005274381,XP_005274381.1,XP_005274382,XP_005274382.1,XP_005274383,XP_005274383.1,XP_005274384,XP_005274384.1,XP_005274385,XP_005274385.1,XP_005274386,XP_005274386.1,XP_005274387,XP_005274387.1,XP_005274388,XP_005274388.1,XP_005274389,XP_005274389.1,XP_005274390,XP_005274390.1,XP_005274391,XP_005274391.1,XP_005274392,XP_005274392.1,XP_005274393,XP_005274393.1,XP_005274394,XP_005274394.1,XP_005274397,XP_005274397.1,XP_006718762,XP_006718762.1,XP_006718763,XP_006718763.1,XP_006718764,XP_006718764.1,XP_011543595,XP_011543595.1,XP_016873870,XP_016873870.1,XP_016873871,XP_016873871.1,XP_016873872,XP_016873872.1,XP_016873873,XP_016873873.1,XP_016873874,XP_016873874.1,XP_016873875,XP_016873875.1,XP_016873876,XP_016873876.1,XP_016873877,XP_016873877.1,XP_024304468,XP_024304468.1,hsa:8301,uc001pbl.4,uc001pbm.4
PRNP	9606.ENSP00000399376	Major prion protein; Its primary physiological function is unclear. May play a role in neuronal development and synaptic plasticity. May be required for neuronal myelin sheath maintenance. May promote myelin homeostasis through acting as an agonist for ADGRG6 receptor. May play a role in iron uptake and iron homeostasis. Soluble oligomers are toxic to cultured neuroblastoma cells and induce apoptosis (in vitro) (By similarity). Association with GPC1 (via its heparan sulfate chains) targets PRNP to lipid rafts. Also provides Cu(2+) or ZN(2+) for the ascorbate-mediated GPC1 deaminase deg [...] 	https://smart.embl.de/smart/DDvec.cgi?smart=253:PRP(23|240)+	1E1G,1E1J,1E1P,1E1S,1E1U,1E1W,1FKC,1FO7,1H0L,1HJM,1HJN,1I4M,1OEH,1OEI,1QLX,1QLZ,1QM0,1QM1,1QM2,1QM3,2IV4,2IV5,2IV6,2K1D,2KUN,2LBG,2LEJ,2LFT,2LSB,2LV1,2M8T,2OL9,2W9E,3HAF,3HAK,3HEQ,3HER,3HES,3HJ5,3HJX,3MD4,3MD5,3NHC,3NHD,3NVF,4DGI,4E1H,4E1I,4KML,4N9O,5621,5L6R,5YJ4,5YJ5,6DU9,A2A2V1,AAA19664.1,AAA60182.1,AAB20521.1,AAB20522.1,AAB20523.1,AAB50648.2,AAB50649.2,AAB59442.1,AAB59443.1,AAC05365.1,AAC78725.1,AAD46098.1,AAG21693.1,AAH12844.1,AAH22532.1,AAS80162.1,AB300823,ABD63004.1,ADO16981.1,AF030575,AF076976,AL133396,ALTPRP,ASCR,AY008282,AY569456,AltPrP,BAA00011.1,BAG32276.1,BC012844,BC022532,CAA58442.1,CCDS13080,CCDS13080.1,CD230,CH471133,CHEMBL4869,CJD,Creutzfeldt-Jakob disease,D00015,DQ408531,EAX10449.1,EAX10450.1,ENSG00000171867,ENSP00000306540,ENSP00000339996,ENSP00000368748,ENSP00000368752,ENSP00000392210,ENSP00000392756,ENSP00000397586,ENSP00000399376,ENSP00000404007,ENSP00000411599,ENSP00000412529,ENSP00000415284,ENSP00000431493,ENSP00000433835,ENST00000305832,ENST00000349134,ENST00000350627,ENST00000379436,ENST00000379440,ENST00000379440.8,ENST00000420824,ENST00000424424,ENST00000424424.1,ENST00000430350,ENST00000430350.2,ENST00000431433,ENST00000444805,ENST00000455665,ENST00000456340,ENST00000457586,ENST00000457586.1,ENST00000525336,ENST00000531860,F7VJQ1,GSS,Gerstmann-Strausler-Scheinker syndrome,HGNC:9449,HM459606,HPA042754,HPA043398,KURU,M13667,M13899,M81929,M81930,Major prion protein,NM_000311,NM_000311.4,NM_000311.5,NM_001080121,NM_001080121.2,NM_001080121.3,NM_001080122,NM_001080122.2,NM_001080122.3,NM_001080123,NM_001080123.2,NM_001080123.3,NM_001271561,NM_001271561.2,NM_001271561.3,NM_183079,NM_183079.3,NM_183079.4,NP_000302,NP_000302.1,NP_001073590,NP_001073590.1,NP_001073591,NP_001073591.1,NP_001073592,NP_001073592.1,NP_001258490,NP_001258490.1,NP_898902,NP_898902.1,NX_P04156,O60489,OMIM:176640,OTTHUMG00000031786,P04156,P78446,PRIO_HUMAN,PRIP,PRNP,PRNP-201,PRNP-202,PRNP-203,PRNP-204,PRP,PrP,PrP27-30,PrP33-35C,PrPc,Prion protein,Q15216,Q15221,Q27H91,Q53YK7,Q5QPB4,Q8TBG0,Q96E70,Q9UP19,R-HSA-1266738,R-HSA-375165,R-HSA-419037,R-HSA-422475,R-HSA-9609507,R-HSA-9609523,S71208,S71210,S71212,S80732,S80743,U29185,UPI0000033C27,UPI0000206974,UPI0000470B04,X6RKS3,X83416,fatal familial insomnia,hsa:5621,p27-30,prion protein,prion protein (p27-30),uc021wae.3
PSEN1	9606.ENSP00000326366	Presenilin-1 CTF subunit; Catalytic subunit of the gamma-secretase complex, an endoprotease complex that catalyzes the intramembrane cleavage of integral membrane proteins such as Notch receptors and APP (amyloid- beta precursor protein). Requires the presence of the other members of the gamma-secretase complex for protease activity. Plays a role in Notch and Wnt signaling cascades and regulation of downstream processes via its role in processing key regulatory proteins, and by regulating cytosolic CTNNB1 levels. Stimulates cell-cell adhesion via its interaction with CDH1; this stabili [...] 	https://smart.embl.de/smart/DDvec.cgi?smart=467:PSN(130|453)+	2KR6,3.4.23.-,4UIS,5663,5A63,5FN2,5FN3,5FN4,5FN5,6IDF,6IYC,A0A024R6A3,A0A0S2Z4D2,A22.001,AAB05894.1,AAB05895.1,AAB46370.1,AAB46371.1,AAB46416.1,AAC97960.1,AAF19253.1,AAF19254.1,AAH11729.1,AAL16811.1,AC004846,AC004858,ACNINV3,AD3,AF109907,AF416717,AJ008005,AK312531,ALQ33743.1,ALQ33744.1,Alzheimer disease 3,B2R6D3,BAA20883.1,BAG35430.1,BC011729,CAA07825.1,CAB006844,CCDS9812,CCDS9812.1,CCDS9813,CCDS9813.1,CH471061,CHEMBL2473,D84149,E7ES96,EAW81092.1,EAW81095.1,EAW81097.1,EC 3.4.23.-,ENSG00000080815,ENSP00000261970,ENSP00000261971,ENSP00000286500,ENSP00000326366,ENSP00000339523,ENSP00000350342,ENSP00000377712,ENSP00000377719,ENSP00000385948,ENSP00000440239,ENSP00000450551,ENSP00000450652,ENSP00000450845,ENSP00000450937,ENSP00000451347,ENSP00000451429,ENSP00000451498,ENSP00000451588,ENSP00000451662,ENSP00000451674,ENSP00000451880,ENSP00000451915,ENSP00000452128,ENSP00000452242,ENSP00000452267,ENSP00000452477,ENSP00000453466,ENSP00000454156,ENST00000261970,ENST00000261971,ENST00000286500,ENST00000324501,ENST00000324501.9,ENST00000344094,ENST00000357710,ENST00000357710.8,ENST00000394157,ENST00000394157.7,ENST00000394164,ENST00000394164.5,ENST00000406768,ENST00000406768.1,ENST00000542317,ENST00000553447,ENST00000553447.6,ENST00000553599,ENST00000553599.5,ENST00000553719,ENST00000553719.5,ENST00000553855,ENST00000553855.5,ENST00000554131,ENST00000554131.5,ENST00000554995,ENST00000554995.1,ENST00000555254,ENST00000555254.5,ENST00000555386,ENST00000555386.5,ENST00000555867,ENST00000555867.1,ENST00000556011,ENST00000556011.5,ENST00000556066,ENST00000556066.1,ENST00000556533,ENST00000556533.5,ENST00000556864,ENST00000556864.5,ENST00000556951,ENST00000556951.5,ENST00000557037,ENST00000557037.5,ENST00000557293,ENST00000557293.5,ENST00000557356,ENST00000557356.5,ENST00000557511,ENST00000557511.5,ENST00000559361,ENST00000559361.5,ENST00000560005,ENST00000560005.6,FAD,G3V2B1,G3V2G7,G3V3P0,G3V3Z0,G3V449,G3V490,G3V499,G3V4M0,G3V4P4,G3V519,G3V5B1,H0YM52,H0YNU4,HGNC:9508,HPA030760,HPA067496,KU178285,KU178286,L42110,L76517,L76519,L76520,L76521,L76522,L76523,L76524,L76525,L76526,L76527,L76528,NM_000021,NM_000021.3,NM_000021.4,NM_007318,NM_007318.2,NM_007318.3,NP_000012,NP_000012.1,NP_015557,NP_015557.2,NX_P49768,O95465,OMIM:104311,OTTHUMG00000141279,P49768,PS-1,PS1,PS1-CTF12,PSEN1,PSEN1-201,PSEN1-202,PSEN1-203,PSEN1-204,PSEN1-205,PSEN1-206,PSEN1-207,PSEN1-208,PSEN1-209,PSEN1-210,PSEN1-211,PSEN1-212,PSEN1-213,PSEN1-214,PSEN1-215,PSEN1-216,PSEN1-217,PSEN1-218,PSEN1-219,PSEN1-220,PSEN1-221,PSEN1-222,PSEN1-223,PSEN1-224,PSEN1-225,PSN1_HUMAN,PSNL1,Presenilin 1,Presenilin-1,Presenilin-1 CTF subunit,Presenilin-1 CTF12,Presenilin-1 NTF subunit,Protein S182,Q14762,Q15719,Q15720,Q96P33,Q9UIF0,R-HSA-1236394,R-HSA-1251985,R-HSA-1266738,R-HSA-1474228,R-HSA-1474244,R-HSA-157118,R-HSA-162582,R-HSA-1643685,R-HSA-168249,R-HSA-168256,R-HSA-193692,R-HSA-193704,R-HSA-1980143,R-HSA-1980145,R-HSA-204998,R-HSA-205043,R-HSA-2122948,R-HSA-2644602,R-HSA-2644603,R-HSA-2644606,R-HSA-2682334,R-HSA-2894858,R-HSA-2894862,R-HSA-2979096,R-HSA-3928665,R-HSA-422475,R-HSA-5663202,R-HSA-6798695,R-HSA-73887,R-HSA-9006934,R-HSA-9012852,R-HSA-9013507,R-HSA-9013694,R-HSA-9013700,R-HSA-9017802,S182,U40379,U40380,UPI0000000CB8,UPI000002B1C1,UPI000003F05F,UPI000006DAEF,UPI000013D235,UPI000049811F,UPI0001611370,UPI00021CF084,UPI00021CF085,UPI00021CF086,UPI00021CF087,UPI00021CF088,UPI00021CF089,UPI00021CF08B,UPI00021CF08D,UPI00021CF08E,UPI00021CF08F,UPI00022F880F,UPI00022F8810,UPI0003F48456,URS00008B2D85,XM_005267864,XM_005267864.2,XM_005267864.3,XM_005267866,XM_005267866.1,XM_005267866.2,XM_011536971.2,XM_011536972,XM_011536972.2,XM_011536973,XM_011536973.1,XM_011536973.2,XM_011536974,XM_011536974.1,XM_011536974.2,XP_005267921,XP_005267921.1,XP_005267923,XP_005267923.1,XP_011535273.1,XP_011535274,XP_011535274.1,XP_011535275,XP_011535275.1,XP_011535276,XP_011535276.1,hsa:5663,presenilin 1,uc001xnq.5,uc001xnr.4
PSEN2	9606.ENSP00000355747	Presenilin-2 CTF subunit; Probable catalytic subunit of the gamma-secretase complex, an endoprotease complex that catalyzes the intramembrane cleavage of integral membrane proteins such as Notch receptors and APP (amyloid- beta precursor protein). Requires the other members of the gamma- secretase complex to have a protease activity. May play a role in intracellular signaling and gene expression or in linking chromatin to the nuclear membrane. May function in the cytoplasmic partitioning of proteins. The holoprotein functions as a calcium-leak channel that allows the passive movement o [...] 	https://smart.embl.de/smart/DDvec.cgi?smart=448:PSN(136|434)+	3.4.23.-,5664,A22.002,A8K8D4,AAB50054.1,AAB59557.1,AAC42012.1,AAC50290.1,AAH06365.1,AAL16812.1,AAP35630.1,AD3L,AD3LP,AD4,AD5,AF416718,AK292299,AL359732,AL391628,Alzheimer disease 4,B1AP21,B1AP22,BAF84988.1,BC006365,BT006984,CAB013634,CCDS1556,CCDS1556.1,CCDS44324,CCDS44324.1,CH471098,CHEMBL3708,CMD1V,E5-1,E5RFW4,E5RG63,E5RHT1,E5RJM5,EAW69797.1,EAW69798.1,EAW69800.1,EC 3.4.23.-,ENSG00000143801,ENSP00000272148,ENSP00000309094,ENSP00000339860,ENSP00000355745,ENSP00000355746,ENSP00000355747,ENSP00000375745,ENSP00000403737,ENSP00000427806,ENSP00000427912,ENSP00000429036,ENSP00000429682,ENSP00000430647,ENSP00000444694,ENSP00000486498,ENST00000272148,ENST00000310734,ENST00000340188,ENST00000366781,ENST00000366782,ENST00000366782.5,ENST00000366783,ENST00000366783.7,ENST00000391872,ENST00000422240,ENST00000422240.6,ENST00000460775,ENST00000460775.5,ENST00000471728,ENST00000471728.1,ENST00000472139,ENST00000472139.2,ENST00000487450,ENST00000487450.1,ENST00000495488,ENST00000495488.5,ENST00000496965,ENST00000521431,ENST00000521431.1,ENST00000524196,ENST00000524196.5,ENST00000540711,ENST00000626989,ENST00000626989.2,HGNC:9509,HPA038005,L43964,L44577,NM_000447,NM_000447.2,NM_000447.3,NM_012486,NM_012486.2,NP_000438,NP_000438.2,NP_036618,NP_036618.2,NX_P49810,OMIM:600759,OTTHUMG00000037563,P49810,PS-2,PS2,PSEN2,PSEN2-201,PSEN2-202,PSEN2-203,PSEN2-204,PSEN2-205,PSEN2-206,PSEN2-207,PSEN2-208,PSEN2-209,PSEN2-210,PSEN2-211,PSN2_HUMAN,PSNL2,Presenilin 2,Presenilin-2,Presenilin-2 CTF subunit,Presenilin-2 NTF subunit,Q96P32,R-HSA-1236394,R-HSA-1251985,R-HSA-1266738,R-HSA-157118,R-HSA-162582,R-HSA-1643685,R-HSA-193692,R-HSA-193704,R-HSA-1980143,R-HSA-1980145,R-HSA-204998,R-HSA-205043,R-HSA-2122948,R-HSA-2644602,R-HSA-2644603,R-HSA-2644606,R-HSA-2682334,R-HSA-2894858,R-HSA-2894862,R-HSA-2979096,R-HSA-3928665,R-HSA-422475,R-HSA-5663202,R-HSA-73887,R-HSA-9006934,R-HSA-9012852,R-HSA-9013507,R-HSA-9013694,R-HSA-9013700,R-HSA-9017802,STM-2,STM2,U34349,U50871,UPI0000049EDA,UPI000014C8F5,UPI00004589DC,UPI000153CEDA,UPI0001E8F175,UPI0001E8F177,UPI0003F479E9,URS00008C04C9,URS00008C068C,XM_005273199,XM_005273199.3,XM_005273199.4,XM_017001835,XM_017001835.1,XM_017001836,XM_017001836.1,XP_005273256,XP_005273256.1,XP_016857324,XP_016857324.1,XP_016857325,XP_016857325.1,XR_001737318,XR_001737318.2,XR_001737319,XR_001737319.1,XR_001737320,XR_001737320.1,XR_001737321,XR_001737321.1,XR_949149,XR_949149.2,XR_949150,XR_949150.3,hsa:5664,presenilin 2,uc009xeo.2
PSENEN	9606.ENSP00000468411	Gamma-secretase subunit PEN-2; Essential subunit of the gamma-secretase complex, an endoprotease complex that catalyzes the intramembrane cleavage of integral membrane proteins such as Notch receptors and APP (amyloid- beta precursor protein). The gamma-secretase complex plays a role in Notch and Wnt signaling cascades and regulation of downstream processes via its role in processing key regulatory proteins, and by regulating cytosolic CTNNB1 levels (Probable). PSENEN modulates both endoproteolysis of presenilin and gamma-secretase activity. Belongs to the PEN-2 family.	https://smart.embl.de/smart/DDvec.cgi?smart=101:Pfam_PEN-2(7|99)+	55851,5A63,5FN2,5FN3,5FN4,5FN5,6IDF,6IYC,AAF67646.1,AAH09575.1,ACNINV2,AD000671,AF220053,AK312233,B2R5L9,BAG35166.1,BC009575,CCDS12474,CCDS12474.1,CHEMBL2374,ENSG00000205155,ENSP00000222266,ENSP00000468411,ENSP00000468593,ENST00000222266,ENST00000222266.2,ENST00000587708,ENST00000587708.6,ENST00000591949,ENST00000591949.1,Gamma-secretase subunit PEN-2,HGNC:30100,HPA047435,K7ES79,MDS033,MSTP064,NM_001281532,NM_001281532.2,NM_001281532.3,NM_172341,NM_172341.3,NM_172341.4,NP_001268461,NP_001268461.1,NP_758844,NP_758844.1,NX_Q9NZ42,OMIM:607632,OTTHUMG00000182067,PEN-2,PEN2,PEN2_HUMAN,PSENEN,PSENEN-201,PSENEN-202,PSENEN-203,Presenilin enhancer 2,Presenilin enhancer protein 2,Presenilin enhancer, gamma-secretase subunit,Q9NZ42,R-HSA-1236394,R-HSA-1251985,R-HSA-1266738,R-HSA-157118,R-HSA-162582,R-HSA-1643685,R-HSA-193692,R-HSA-193704,R-HSA-1980143,R-HSA-1980145,R-HSA-204998,R-HSA-205043,R-HSA-2122948,R-HSA-2644602,R-HSA-2644603,R-HSA-2644606,R-HSA-2682334,R-HSA-2894858,R-HSA-2894862,R-HSA-2979096,R-HSA-392499,R-HSA-3928665,R-HSA-422475,R-HSA-5663202,R-HSA-73887,R-HSA-9006934,R-HSA-9012852,R-HSA-9013507,R-HSA-9013694,R-HSA-9013700,R-HSA-9017802,R-HSA-977225,UPI000006FFC1,UPI0002840A27,hsa:55851,presenilin enhancer 2 homolog (C. elegans),presenilin enhancer, gamma-secretase subunit,uc002obi.3
SORL1	9606.ENSP00000260197	Sortilin-related receptor; Sorting receptor that directs several proteins to their correct location within the cell (Probable). Along with AP-1 complex, involved Golgi apparatus - endosome sorting. Sorting receptor for APP, regulating its intracellular trafficking and processing into amyloidogenic-beta peptides. Retains APP in the trans- Golgi network, hence preventing its transit through late endosomes where amyloid beta peptides Abeta40 and Abeta42 are generated. May also sort newly produced amyloid-beta peptides to lysosomes for catabolism. Does not affect APP trafficking from the e [...] 	https://smart.embl.de/smart/DDvec.cgi?smart=2214:SIGNAL(1|28)+VPS10(124|757)+LY(780|822)+LY(824|866)+LY(867|912)+LY(913|953)+LY(954|994)+EGF(1020|1072)+LDLa(1077|1114)+LDLa(1116|1155)+LDLa(1157|1194)+EGF_like(1198|1236)+LDLa(1238|1273)+LDLa(1274|1317)+LDLa(1324|1361)+LDLa(1367|1405)+LDLa(1418|1455)+LDLa(1470|1508)+LDLa(1513|1551)+FN3(1555|1638)+FN3(1651|1732)+FN3(1747|1829)+FN3(1843|1919)+FN3(1932|2015)+FN3(2024|2106)+TRANS(2136|2158)+	2DM4,3G2S,3G2T,3WSX,3WSY,3WSZ,6653,AAC50891.2,AAI37172.1,AP000664,AP000977,B2RNX7,BC137171,C11orf32,CAA69325.1,CAB011500,CCDS8436,CCDS8436.1,CH471065,E9PKB0,E9PP43,E9PPB3,E9PS32,EAW67525.1,ENSG00000137642,ENSP00000260197,ENSP00000318970,ENSP00000432131,ENSP00000434634,ENSP00000435405,ENSP00000436447,ENST00000260197,ENST00000260197.11,ENST00000323168,ENST00000524633,ENST00000524633.1,ENST00000524873,ENST00000524873.1,ENST00000525532,ENST00000525532.5,ENST00000527649,ENST00000527649.1,ENST00000527934,ENST00000527934.1,ENST00000528339,ENST00000528339.5,ENST00000529445,ENST00000529445.1,ENST00000530365,ENST00000530365.1,ENST00000532451,ENST00000532451.1,ENST00000532694,ENST00000532694.5,ENST00000534286,ENST00000534286.5,ENST00000534754,ENST00000534754.5,HGNC:11185,HPA031321,KF459541,LDLR relative with 11 ligand-binding repeats,LR11,LRP9,NM_003105,NM_003105.5,NM_003105.6,NP_003096,NP_003096.1,NP_003096.2,NX_Q92673,OMIM:602005,OTTHUMG00000166057,Q92673,Q92856,R-HSA-392499,R-HSA-977225,SORL1,SORL1-201,SORL1-202,SORL1-203,SORL1-204,SORL1-205,SORL1-206,SORL1-207,SORL1-208,SORL1-209,SORL1-210,SORL1-211,SORL1-212,SORL1-213,SORLA,SORL_HUMAN,SorLA,SorLA-1,Sortilin related receptor 1,Sortilin-related receptor,U60975,UPI000013D0B1,UPI0001F77ACC,UPI0001F77AD1,UPI0001F77AD2,UPI0001F77AD3,URS0000EAA31C,Y08110,chromosome 11 open reading frame 32,gp250,hsa:6653,sortilin related receptor 1,uc001pxx.4
TREM2	9606.ENSP00000362205	Triggering receptor expressed on myeloid cells 2; Forms a receptor signaling complex with TYROBP which mediates signaling and cell activation following ligand binding. Acts as a receptor for amyloid-beta protein 42, a cleavage product of the amyloid-beta precursor protein APP, and mediates its uptake and degradation by microglia. Binding to amyloid-beta 42 mediates microglial activation, proliferation, migration, apoptosis and expression of pro- inflammatory cytokines, such as IL6R and CCL3, and the anti- inflammatory cytokine ARG1 (By similarity). Acts as a receptor for lipoprotein pa [...] 	https://smart.embl.de/smart/DDvec.cgi?smart=230:SIGNAL(1|18)+IG(21|129)+TRANS(173|195)+	54209,5ELI,5UD7,5UD8,6B8O,AAF69824.1,AAH32362.1,AB062787,ABB01002.1,AF213457,AK312215,BAB78736.1,BAG35148.1,BC032362,CCDS4852,CCDS4852.1,CCDS64422,CCDS64422.1,DQ217932,ENSG00000095970,ENSP00000211184,ENSP00000307797,ENSP00000325410,ENSP00000325784,ENSP00000342651,ENSP00000362205,ENSP00000362210,ENSP00000362214,ENST00000211184,ENST00000305977,ENST00000321882,ENST00000321901,ENST00000338469,ENST00000338469.3,ENST00000373113,ENST00000373113.7,ENST00000373118,ENST00000373122,ENST00000373122.8,HGNC:17761,HPA010917,HPA012571,LRG_631,LRG_631t1,NM_001271821,NM_001271821.1,NM_001271821.2,NM_018965,NM_018965.3,NM_018965.4,NP_001258750,NP_001258750.1,NP_061838,NP_061838.1,NX_Q9NZC2,OMIM:605086,OTTHUMG00000014671,PLOSL2,Q5TCX1,Q8N5H8,Q8WYN6,Q9NZC2,R-HSA-1266738,R-HSA-1280218,R-HSA-168249,R-HSA-168256,R-HSA-198933,R-HSA-2172127,R-HSA-2424491,R-HSA-373755,R-HSA-416700,R-HSA-422475,TREM-2,TREM2,TREM2-201,TREM2-202,TREM2-203,TREM2_HUMAN,Trem2a,Trem2b,Trem2c,Triggering receptor expressed on monocytes 2,Triggering receptor expressed on myeloid cells 2,UPI0000071EEB,UPI00000721EA,UPI00003BF782,hsa:54209,triggering receptor expressed on myeloid cells 2,uc003opy.4
